timestamp,bandwidth,throughput,congestion,packet_loss,latency,jitter,Routers,Planned route,Network measure,Network target,Video target,Percentage video occupancy,Bitrate video,Number videos
2024-05-11 12:00:15,2,2.15,0.38,0.0,6.58,0.52,up xrv6,Best effort,S1,S2,,0,0,0
2024-05-11 12:00:43,2,2.16,0.12,0.0,5.36,0.34,up xrv6,Best effort,S1,S2,,0,0,0
2024-05-11 12:01:12,2,2.0,0.08,0.0,6.29,0.23,up xrv6,Best effort,S1,S2,,0,0,0
2024-05-11 12:01:40,2,2.07,0.07,0.0,5.91,0.51,up xrv6,Best effort,S1,S2,,0,0,0
2024-05-11 12:02:08,2,2.4,0.08,0.0,5.81,0.71,up xrv6,Best effort,S1,S2,,0,0,0
2024-05-11 12:02:36,2,2.07,0.12,0.0,6.81,0.29,up xrv6,Best effort,S1,S2,,0,0,0
2024-05-11 12:03:05,2,2.05,0.16,0.0,5.82,0.34,up xrv6,Best effort,S1,S2,,0,0,0
2024-05-11 12:03:34,2,1.89,0.44,0.0,5.47,0.48,up xrv6,Best effort,S1,S2,,0,0,0
2024-05-11 12:04:01,2,2.66,0.07,0.0,13.19,0.56,up xrv6,Best effort,S1,S2,,0,0,0
2024-05-11 12:04:30,2,1.85,0.09,0.0,5.66,0.28,up xrv6,Best effort,S1,S2,,0,0,0
2024-05-11 12:04:58,2,2.24,0.06,0.0,5.8,0.56,up xrv6,Best effort,S1,S2,,0,0,0
2024-05-11 12:05:27,2,1.83,0.32,0.0,5.86,0.47,up xrv6,Best effort,S1,S2,,0,0,0
2024-05-11 12:05:59,2,1.44,0.35,0.0,5.71,0.49,up xrv6,Best effort,S1,S2,,0,0,0
2024-05-11 12:06:28,2,2.27,0.06,17.5,6.01,1.98,up xrv6,Best effort,S1,S2,,0,0,0
2024-05-11 12:06:55,2,2.37,0.09,0.0,5.73,0.44,up xrv6,Best effort,S1,S2,,0,0,0
2024-05-11 12:07:19,2,2.64,0.1,0.0,5.65,0.29,up xrv6,Best effort,S1,S2,,0,0,0
2024-05-11 12:07:48,2,1.97,0.05,0.0,5.42,0.45,up xrv6,Best effort,S1,S2,,0,0,0
2024-05-11 12:08:16,2,2.03,0.06,0.0,6.23,0.54,up xrv6,Best effort,S1,S2,,0,0,0
2024-05-11 12:08:47,2,1.62,0.12,0.0,5.52,0.23,up xrv6,Best effort,S1,S2,,0,0,0
2024-05-11 12:09:17,2,1.77,0.06,0.0,5.72,0.4,up xrv6,Best effort,S1,S2,,0,0,0
2024-05-11 12:09:47,2,1.73,0.05,0.0,5.43,0.52,up xrv6,Best effort,S1,S2,,0,0,0
2024-05-11 12:10:15,2,2.21,0.05,0.0,5.57,0.39,up xrv6,Best effort,S1,S2,,0,0,0
2024-05-11 12:10:42,2,2.67,0.05,0.0,5.69,0.36,up xrv6,Best effort,S1,S2,,0,0,0
2024-05-11 12:11:05,2,2.71,0.03,0.0,5.46,0.31,up xrv6,Best effort,S1,S2,,0,0,0
2024-05-11 12:11:29,2,2.47,0.12,0.0,5.64,0.34,up xrv6,Best effort,S1,S2,,0,0,0
2024-05-11 12:11:57,2,2.22,0.05,0.0,5.93,0.5,up xrv6,Best effort,S1,S2,,0,0,0
2024-05-11 12:12:25,2,2.12,0.05,0.0,5.24,0.34,up xrv6,Best effort,S1,S2,,0,0,0
2024-05-11 12:12:53,2,2.26,0.03,0.0,5.44,0.29,up xrv6,Best effort,S1,S2,,0,0,0
2024-05-11 12:13:20,2,2.48,0.07,0.0,5.5,0.61,up xrv6,Best effort,S1,S2,,0,0,0
2024-05-11 12:13:49,2,1.92,0.57,0.0,5.31,0.27,up xrv6,Best effort,S1,S2,,0,0,0
2024-05-11 12:14:21,2,1.42,0.08,0.0,5.75,0.39,up xrv6,Best effort,S1,S2,,0,0,0
2024-05-11 12:14:48,2,2.82,0.09,0.0,5.94,0.46,up xrv6,Best effort,S1,S2,,0,0,0
2024-05-11 12:15:15,2,2.65,0.14,17.5,5.93,0.29,up xrv6,Best effort,S1,S2,,0,0,0
2024-05-11 12:15:41,2,3.6,0.09,17.5,5.79,0.44,up xrv6,Best effort,S1,S2,,0,0,0
2024-05-11 12:16:04,2,2.71,0.09,0.0,5.55,0.45,up xrv6,Best effort,S1,S2,,0,0,0
2024-05-11 12:16:28,2,2.71,0.07,0.0,5.79,0.35,up xrv6,Best effort,S1,S2,,0,0,0
2024-05-11 12:16:56,2,2.03,0.13,0.0,5.46,0.21,up xrv6,Best effort,S1,S2,,0,0,0
2024-05-11 12:17:20,2,2.37,0.06,0.0,6.37,0.4,up xrv6,Best effort,S1,S2,,0,0,0
2024-05-11 12:17:49,2,1.86,0.13,0.0,5.91,0.26,up xrv6,Best effort,S1,S2,,0,0,0
2024-05-11 12:18:13,2,2.43,0.09,0.0,6.08,0.36,up xrv6,Best effort,S1,S2,,0,0,0
2024-05-11 12:18:43,2,1.77,0.06,0.0,5.82,0.55,up xrv6,Best effort,S1,S2,,0,0,0
2024-05-11 12:19:11,2,2.11,0.09,0.0,6.43,0.61,up xrv6,Best effort,S1,S2,,0,0,0
2024-05-11 12:19:40,2,2.09,0.11,0.0,5.72,0.51,up xrv6,Best effort,S1,S2,,0,0,0
2024-05-11 12:20:09,2,1.85,0.07,0.0,6.42,0.76,up xrv6,Best effort,S1,S2,,0,0,0
2024-05-11 12:20:36,2,2.67,0.59,0.0,5.59,0.66,up xrv6,Best effort,S1,S2,,0,0,0
2024-05-11 12:21:02,2,2.72,0.05,0.0,5.78,0.55,up xrv6,Best effort,S1,S2,,0,0,0
2024-05-11 12:21:31,2,1.97,0.09,0.0,5.9,0.32,up xrv6,Best effort,S1,S2,,0,0,0
2024-05-11 12:21:55,2,2.71,0.31,0.0,6.04,0.54,up xrv6,Best effort,S1,S2,,0,0,0
2024-05-11 12:22:19,2,2.46,0.09,0.0,5.63,0.35,up xrv6,Best effort,S1,S2,,0,0,0
2024-05-11 12:22:48,2,1.85,0.08,12.5,5.87,0.94,up xrv6,Best effort,S1,S2,,0,0,0
2024-05-11 12:23:17,2,1.96,0.07,0.0,5.69,0.4,up xrv6,Best effort,S1,S2,,0,0,0
2024-05-11 12:23:50,2,1.38,0.1,0.0,5.73,0.35,up xrv6,Best effort,S1,S2,,0,0,0
2024-05-11 12:24:18,2,2.13,0.07,0.0,5.51,0.67,up xrv6,Best effort,S1,S2,,0,0,0
2024-05-11 12:24:48,2,1.95,0.05,17.5,5.69,0.38,up xrv6,Best effort,S1,S2,,0,0,0
2024-05-11 12:25:17,2,2.0,0.05,0.0,5.57,0.43,up xrv6,Best effort,S1,S2,,0,0,0
2024-05-11 12:25:47,2,1.67,0.55,0.0,5.47,0.39,up xrv6,Best effort,S1,S2,,0,0,0
2024-05-11 12:26:16,2,1.88,0.08,0.0,5.73,8.13,up xrv6,Best effort,S1,S2,,0,0,0
2024-05-11 12:26:40,2,2.75,0.08,0.0,5.44,0.29,up xrv6,Best effort,S1,S2,,0,0,0
2024-05-11 12:27:03,2,2.75,0.29,0.0,5.17,0.53,up xrv6,Best effort,S1,S2,,0,0,0
2024-05-11 12:27:27,2,2.75,0.05,0.0,5.89,0.37,up xrv6,Best effort,S1,S2,,0,0,0
2024-05-11 12:27:50,2,2.65,0.12,0.0,5.64,0.58,up xrv6,Best effort,S1,S2,,0,0,0
2024-05-11 12:28:19,2,1.95,0.05,0.0,5.75,0.39,up xrv6,Best effort,S1,S2,,0,0,0
2024-05-11 12:28:42,2,2.72,0.08,0.0,5.9,0.43,up xrv6,Best effort,S1,S2,,0,0,0
2024-05-11 12:29:06,2,2.7,0.55,0.0,5.6,0.27,up xrv6,Best effort,S1,S2,,0,0,0
2024-05-11 12:29:29,2,2.71,0.08,0.0,5.95,0.59,up xrv6,Best effort,S1,S2,,0,0,0
2024-05-11 12:29:53,2,2.71,0.05,0.0,5.95,0.23,up xrv6,Best effort,S1,S2,,0,0,0
2024-05-11 12:30:22,2,1.83,0.08,0.0,5.62,0.38,up xrv6,Best effort,S1,S2,,0,0,0
2024-05-11 12:30:46,2,2.66,0.12,0.0,5.62,0.67,up xrv6,Best effort,S1,S2,,0,0,0
2024-05-11 12:31:15,2,2.01,0.07,0.0,5.95,0.53,up xrv6,Best effort,S1,S2,,0,0,0
2024-05-11 12:31:43,2,2.0,0.05,0.0,6.02,0.36,up xrv6,Best effort,S1,S2,,0,0,0
2024-05-11 12:32:13,2,1.87,0.08,17.5,5.86,0.42,up xrv6,Best effort,S1,S2,,0,0,0
2024-05-11 12:32:42,2,1.91,0.05,0.0,5.62,0.31,up xrv6,Best effort,S1,S2,,0,0,0
2024-05-11 12:33:12,2,1.88,0.05,0.0,5.93,0.36,up xrv6,Best effort,S1,S2,,0,0,0
2024-05-11 12:33:40,2,2.07,0.05,0.0,6.22,0.46,up xrv6,Best effort,S1,S2,,0,0,0
2024-05-11 12:34:08,2,2.34,0.08,0.0,5.86,0.35,up xrv6,Best effort,S1,S2,,0,0,0
2024-05-11 12:34:38,2,1.73,0.15,0.0,5.77,0.62,up xrv6,Best effort,S1,S2,,0,0,0
2024-05-11 12:35:05,2,1.33,0.08,0.0,5.26,0.8,up xrv6,Best effort,S1,S2,,0,0,0
2024-05-11 12:35:37,2,1.41,0.06,0.0,5.83,0.52,up xrv6,Best effort,S1,S2,,0,0,0
2024-05-11 12:36:03,2,3.36,0.31,17.5,6.0,0.44,up xrv6,Best effort,S1,S2,,0,0,0
2024-05-11 12:36:32,2,1.87,0.11,0.0,5.77,0.3,up xrv6,Best effort,S1,S2,,0,0,0
2024-05-11 12:37:02,2,1.88,0.07,0.0,5.97,2.14,up xrv6,Best effort,S1,S2,,0,0,0
2024-05-11 12:37:34,2,1.44,0.06,0.0,5.65,0.96,up xrv6,Best effort,S1,S2,,0,0,0
2024-05-11 12:38:00,2,2.77,0.06,0.0,5.83,0.32,up xrv6,Best effort,S1,S2,,0,0,0
2024-05-11 12:38:30,2,1.7,0.06,0.0,5.78,0.4,up xrv6,Best effort,S1,S2,,0,0,0
2024-05-11 12:39:00,2,1.76,0.11,0.0,5.36,0.54,up xrv6,Best effort,S1,S2,,0,0,0
2024-05-11 12:39:31,2,1.63,0.18,0.0,5.65,0.43,up xrv6,Best effort,S1,S2,,0,0,0
2024-05-11 12:39:54,2,2.46,0.06,0.0,5.32,0.54,up xrv6,Best effort,S1,S2,,0,0,0
2024-05-11 12:40:21,2,2.66,0.09,0.0,6.16,0.44,up xrv6,Best effort,S1,S2,,0,0,0
2024-05-11 12:40:48,2,2.72,0.11,0.0,5.67,0.51,up xrv6,Best effort,S1,S2,,0,0,0
2024-05-11 12:41:17,2,1.88,0.54,0.0,5.88,0.59,up xrv6,Best effort,S1,S2,,0,0,0
2024-05-11 12:41:44,2,2.62,0.08,0.0,5.65,0.34,up xrv6,Best effort,S1,S2,,0,0,0
2024-05-11 12:42:13,2,2.15,0.09,17.5,5.44,0.37,up xrv6,Best effort,S1,S2,,0,0,0
2024-05-11 12:42:40,2,2.55,0.06,0.0,5.91,0.57,up xrv6,Best effort,S1,S2,,0,0,0
2024-05-11 12:43:09,2,1.95,0.03,0.0,5.63,0.59,up xrv6,Best effort,S1,S2,,0,0,0
2024-05-11 12:43:38,2,1.94,0.08,0.0,5.39,0.28,up xrv6,Best effort,S1,S2,,0,0,0
2024-05-11 12:44:05,2,2.49,0.07,0.0,5.67,0.51,up xrv6,Best effort,S1,S2,,0,0,0
2024-05-11 12:44:31,2,3.35,0.32,17.5,5.89,0.42,up xrv6,Best effort,S1,S2,,0,0,0
2024-05-11 12:45:00,2,1.78,0.07,0.0,5.6,0.27,up xrv6,Best effort,S1,S2,,0,0,0
2024-05-11 12:45:30,2,1.88,0.14,0.0,5.95,0.49,up xrv6,Best effort,S1,S2,,0,0,0
2024-05-11 12:45:58,2,2.14,0.05,0.0,5.74,0.48,up xrv6,Best effort,S1,S2,,0,0,0
2024-05-11 13:04:12,2,1.61,0.12,0.0,6.78,0.51,up xrv6,Best effort,S1,S3,,0,0,0
2024-05-11 13:04:39,2,2.52,0.11,0.0,7.14,0.44,up xrv6,Best effort,S1,S3,,0,0,0
2024-05-11 13:05:03,2,2.69,0.1,0.0,7.91,0.32,up xrv6,Best effort,S1,S3,,0,0,0
2024-05-11 13:05:34,2,1.58,0.09,0.0,7.53,0.5,up xrv6,Best effort,S1,S3,,0,0,0
2024-05-11 13:05:58,2,2.57,0.07,0.0,7.2,0.8,up xrv6,Best effort,S1,S3,,0,0,0
2024-05-11 13:06:29,2,1.58,0.14,0.0,7.3,0.85,up xrv6,Best effort,S1,S3,,0,0,0
2024-05-11 13:06:53,2,2.37,0.57,0.0,7.56,0.57,up xrv6,Best effort,S1,S3,,0,0,0
2024-05-11 13:07:16,2,2.73,0.07,0.0,7.47,0.54,up xrv6,Best effort,S1,S3,,0,0,0
2024-05-11 13:07:44,2,2.39,0.11,0.0,7.37,0.65,up xrv6,Best effort,S1,S3,,0,0,0
2024-05-11 13:08:13,2,1.99,0.07,0.0,6.83,0.5,up xrv6,Best effort,S1,S3,,0,0,0
2024-05-11 13:08:43,2,1.71,0.07,0.0,6.95,0.66,up xrv6,Best effort,S1,S3,,0,0,0
2024-05-11 13:09:11,2,2.08,0.05,0.0,7.17,0.37,up xrv6,Best effort,S1,S3,,0,0,0
2024-05-11 13:09:38,2,2.78,0.15,0.0,7.26,0.27,up xrv6,Best effort,S1,S3,,0,0,0
2024-05-11 13:10:05,2,2.58,0.05,0.0,7.62,0.35,up xrv6,Best effort,S1,S3,,0,0,0
2024-05-11 13:10:32,2,2.41,0.07,0.0,13.75,6.65,up xrv6,Best effort,S1,S3,,0,0,0
2024-05-11 13:10:56,2,2.73,0.05,0.0,7.12,2.3,up xrv6,Best effort,S1,S3,,0,0,0
2024-05-11 13:11:19,2,2.69,0.07,0.0,7.05,0.88,up xrv6,Best effort,S1,S3,,0,0,0
2024-05-11 13:11:46,2,2.57,0.56,0.0,7.94,0.71,up xrv6,Best effort,S1,S3,,0,0,0
2024-05-11 13:12:10,2,2.48,0.09,0.0,7.26,0.66,up xrv6,Best effort,S1,S3,,0,0,0
2024-05-11 13:12:38,2,2.24,0.17,0.0,7.05,0.57,up xrv6,Best effort,S1,S3,,0,0,0
2024-05-11 13:13:07,2,1.97,0.08,0.0,7.14,0.5,up xrv6,Best effort,S1,S3,,0,0,0
2024-05-11 13:13:34,2,2.77,0.12,0.0,7.48,0.51,up xrv6,Best effort,S1,S3,,0,0,0
2024-05-11 13:14:01,2,2.31,0.08,0.0,6.96,0.64,up xrv6,Best effort,S1,S3,,0,0,0
2024-05-11 13:14:25,2,2.45,0.07,0.0,7.36,0.44,up xrv6,Best effort,S1,S3,,0,0,0
2024-05-11 13:14:50,2,2.23,0.08,12.5,7.46,0.94,up xrv6,Best effort,S1,S3,,0,0,0
2024-05-11 13:15:19,2,2.03,0.07,12.5,7.72,0.88,up xrv6,Best effort,S1,S3,,0,0,0
2024-05-11 13:15:45,2,2.78,0.07,0.0,7.2,0.28,up xrv6,Best effort,S1,S3,,0,0,0
2024-05-11 13:16:13,2,2.35,0.07,0.0,8.03,0.52,up xrv6,Best effort,S1,S3,,0,0,0
2024-05-11 13:16:37,2,2.43,0.13,0.0,7.74,0.59,up xrv6,Best effort,S1,S3,,0,0,0
2024-05-11 13:17:06,2,1.98,0.53,15.0,7.16,0.75,up xrv6,Best effort,S1,S3,,0,0,0
2024-05-11 13:17:35,2,2.12,0.51,0.0,7.02,0.51,up xrv6,Best effort,S1,S3,,0,0,0
2024-05-11 13:18:04,2,1.83,0.51,0.0,7.55,0.4,up xrv6,Best effort,S1,S3,,0,0,0
2024-05-11 13:18:31,2,2.58,0.07,0.0,7.38,0.45,up xrv6,Best effort,S1,S3,,0,0,0
2024-05-11 13:19:01,2,1.94,0.1,0.0,7.66,0.44,up xrv6,Best effort,S1,S3,,0,0,0
2024-05-11 13:19:24,2,2.73,0.06,0.0,8.6,0.34,up xrv6,Best effort,S1,S3,,0,0,0
2024-05-11 13:19:51,2,2.41,0.08,0.0,7.47,0.39,up xrv6,Best effort,S1,S3,,0,0,0
2024-05-11 13:20:19,2,2.5,0.1,0.0,7.27,0.55,up xrv6,Best effort,S1,S3,,0,0,0
2024-05-11 13:20:45,2,2.66,0.08,0.0,7.63,0.66,up xrv6,Best effort,S1,S3,,0,0,0
2024-05-11 13:21:14,2,2.04,0.08,0.0,8.26,0.47,up xrv6,Best effort,S1,S3,,0,0,0
2024-05-11 13:21:44,2,1.86,0.06,0.0,7.49,0.67,up xrv6,Best effort,S1,S3,,0,0,0
2024-05-11 13:22:10,2,2.61,0.06,0.0,7.84,3.67,up xrv6,Best effort,S1,S3,,0,0,0
2024-05-11 13:22:37,2,2.79,0.39,0.0,7.25,0.34,up xrv6,Best effort,S1,S3,,0,0,0
2024-05-11 13:23:04,2,2.49,0.07,0.0,8.36,0.37,up xrv6,Best effort,S1,S3,,0,0,0
2024-05-11 13:23:30,2,3.35,0.09,10.0,7.36,0.45,up xrv6,Best effort,S1,S3,,0,0,0
2024-05-11 13:23:54,2,2.64,0.07,0.0,7.77,0.66,up xrv6,Best effort,S1,S3,,0,0,0
2024-05-11 13:24:17,2,2.71,0.07,0.0,7.67,0.58,up xrv6,Best effort,S1,S3,,0,0,0
2024-05-11 13:24:44,2,2.71,0.05,0.0,7.09,0.58,up xrv6,Best effort,S1,S3,,0,0,0
2024-05-11 13:25:15,2,1.57,0.32,0.0,7.24,0.28,up xrv6,Best effort,S1,S3,,0,0,0
2024-05-11 13:25:45,2,1.88,0.07,15.0,7.66,0.73,up xrv6,Best effort,S1,S3,,0,0,0
2024-05-11 13:26:13,2,2.17,0.12,0.0,6.73,0.72,up xrv6,Best effort,S1,S3,,0,0,0
2024-05-11 13:26:40,2,2.66,0.07,0.0,8.12,0.49,up xrv6,Best effort,S1,S3,,0,0,0
2024-05-11 13:27:07,2,2.59,0.55,0.0,7.19,0.4,up xrv6,Best effort,S1,S3,,0,0,0
2024-05-11 13:27:36,2,1.95,0.06,0.0,7.31,0.69,up xrv6,Best effort,S1,S3,,0,0,0
2024-05-11 13:28:00,2,2.45,0.09,0.0,7.68,0.91,up xrv6,Best effort,S1,S3,,0,0,0
2024-05-11 13:28:28,2,2.21,0.07,0.0,7.52,0.53,up xrv6,Best effort,S1,S3,,0,0,0
2024-05-11 13:29:00,2,1.43,0.08,0.0,7.27,0.51,up xrv6,Best effort,S1,S3,,0,0,0
2024-05-11 13:29:30,2,1.83,0.08,0.0,7.39,1.16,up xrv6,Best effort,S1,S3,,0,0,0
2024-05-11 13:29:56,2,2.71,0.05,0.0,7.05,0.4,up xrv6,Best effort,S1,S3,,0,0,0
2024-05-11 13:30:27,2,1.57,0.06,0.0,7.87,0.4,up xrv6,Best effort,S1,S3,,0,0,0
2024-05-11 13:30:58,2,1.71,0.12,17.5,7.09,0.4,up xrv6,Best effort,S1,S3,,0,0,0
2024-05-11 13:31:22,2,2.73,0.07,0.0,7.01,0.57,up xrv6,Best effort,S1,S3,,0,0,0
2024-05-11 13:31:48,2,2.72,0.06,0.0,6.69,0.41,up xrv6,Best effort,S1,S3,,0,0,0
2024-05-11 13:32:18,2,1.89,0.07,0.0,7.19,0.63,up xrv6,Best effort,S1,S3,,0,0,0
2024-05-11 13:32:45,2,2.58,0.11,0.0,7.62,0.53,up xrv6,Best effort,S1,S3,,0,0,0
2024-05-11 13:33:17,2,1.39,0.03,0.0,6.93,1.17,up xrv6,Best effort,S1,S3,,0,0,0
2024-05-11 13:33:47,2,1.75,0.05,0.0,8.02,0.67,up xrv6,Best effort,S1,S3,,0,0,0
2024-05-11 13:34:15,2,2.17,0.08,0.0,9.07,0.36,up xrv6,Best effort,S1,S3,,0,0,0
2024-05-11 13:34:45,2,1.89,0.11,0.0,7.98,0.53,up xrv6,Best effort,S1,S3,,0,0,0
2024-05-11 13:35:14,2,1.94,0.08,0.0,6.92,0.66,up xrv6,Best effort,S1,S3,,0,0,0
2024-05-11 13:35:42,2,2.36,0.11,17.5,7.31,0.65,up xrv6,Best effort,S1,S3,,0,0,0
2024-05-11 13:36:06,2,2.63,0.08,0.0,7.11,0.53,up xrv6,Best effort,S1,S3,,0,0,0
2024-05-11 13:36:35,2,1.84,0.05,0.0,7.38,0.38,up xrv6,Best effort,S1,S3,,0,0,0
2024-05-11 13:37:04,2,2.05,0.03,0.0,6.9,0.59,up xrv6,Best effort,S1,S3,,0,0,0
2024-05-11 13:37:33,2,1.9,0.53,0.0,6.76,0.51,up xrv6,Best effort,S1,S3,,0,0,0
2024-05-11 13:38:02,2,2.09,0.09,0.0,7.49,0.39,up xrv6,Best effort,S1,S3,,0,0,0
2024-05-11 13:38:25,2,2.65,0.27,0.0,6.97,0.55,up xrv6,Best effort,S1,S3,,0,0,0
2024-05-11 13:38:51,2,3.22,0.08,0.0,7.57,0.28,up xrv6,Best effort,S1,S3,,0,0,0
2024-05-11 13:39:19,2,2.32,0.05,0.0,7.19,1.22,up xrv6,Best effort,S1,S3,,0,0,0
2024-05-11 13:39:48,2,1.84,0.11,0.0,7.23,1.04,up xrv6,Best effort,S1,S3,,0,0,0
2024-05-11 13:40:15,2,2.7,0.08,0.0,7.09,0.53,up xrv6,Best effort,S1,S3,,0,0,0
2024-05-11 13:40:44,2,1.85,0.07,0.0,7.24,0.41,up xrv6,Best effort,S1,S3,,0,0,0
2024-05-11 13:41:12,2,2.55,0.03,0.0,7.19,0.32,up xrv6,Best effort,S1,S3,,0,0,0
2024-05-11 13:41:42,2,1.7,0.05,0.0,7.29,0.4,up xrv6,Best effort,S1,S3,,0,0,0
2024-05-11 13:42:06,2,2.44,0.06,0.0,7.01,0.53,up xrv6,Best effort,S1,S3,,0,0,0
2024-05-11 13:42:29,2,2.7,0.12,0.0,7.42,0.78,up xrv6,Best effort,S1,S3,,0,0,0
2024-05-11 13:42:59,2,1.72,0.11,0.0,6.6,0.37,up xrv6,Best effort,S1,S3,,0,0,0
2024-05-11 13:43:28,2,2.18,0.11,0.0,7.38,0.6,up xrv6,Best effort,S1,S3,,0,0,0
2024-05-11 13:43:57,2,1.95,0.09,0.0,7.15,0.86,up xrv6,Best effort,S1,S3,,0,0,0
2024-05-11 13:44:24,2,2.35,0.08,0.0,6.81,8.35,up xrv6,Best effort,S1,S3,,0,0,0
2024-05-11 13:44:53,2,2.0,0.11,0.0,7.46,0.51,up xrv6,Best effort,S1,S3,,0,0,0
2024-05-11 13:45:26,2,1.38,0.05,0.0,7.33,0.3,up xrv6,Best effort,S1,S3,,0,0,0
2024-05-11 13:45:50,2,2.46,0.1,0.0,7.41,0.61,up xrv6,Best effort,S1,S3,,0,0,0
2024-05-11 13:46:18,2,2.09,0.05,0.0,7.23,0.57,up xrv6,Best effort,S1,S3,,0,0,0
2024-05-11 13:46:46,2,2.22,0.1,0.0,7.77,0.95,up xrv6,Best effort,S1,S3,,0,0,0
2024-05-11 13:47:15,2,2.12,0.06,0.0,7.44,0.34,up xrv6,Best effort,S1,S3,,0,0,0
2024-05-11 13:47:41,2,2.75,0.05,0.0,7.48,0.62,up xrv6,Best effort,S1,S3,,0,0,0
2024-05-11 13:48:05,2,2.75,0.07,0.0,7.42,0.55,up xrv6,Best effort,S1,S3,,0,0,0
2024-05-11 13:48:31,2,2.75,0.07,0.0,7.05,0.82,up xrv6,Best effort,S1,S3,,0,0,0
2024-05-11 13:48:58,2,2.43,0.07,0.0,7.09,0.83,up xrv6,Best effort,S1,S3,,0,0,0
2024-05-11 13:49:28,2,1.89,0.07,0.0,6.63,0.54,up xrv6,Best effort,S1,S3,,0,0,0
2024-05-11 14:23:59,2,1.43,0.1,0.0,5.67,0.59,up xrv6,Best effort,S1,S2,S2,0,0,1
2024-05-11 14:24:30,2,1.62,0.08,0.0,5.64,0.4,up xrv6,Best effort,S1,S2,S2,0,0,1
2024-05-11 14:24:59,2,2.02,0.09,0.0,5.91,0.57,up xrv6,Best effort,S1,S2,S2,0,0,1
2024-05-11 14:25:27,2,2.06,0.09,0.0,6.99,0.22,up xrv6,Best effort,S1,S2,S2,0,0,1
2024-05-11 14:25:57,2,1.69,0.08,0.0,5.77,0.55,up xrv6,Best effort,S1,S2,S2,0,0,1
2024-05-11 14:26:28,2,1.58,0.09,0.0,6.52,0.45,up xrv6,Best effort,S1,S2,S2,0,0,1
2024-05-11 14:26:59,2,1.62,0.07,0.0,5.77,0.35,up xrv6,Best effort,S1,S2,S2,0,0,1
2024-05-11 14:27:29,2,1.99,0.08,17.5,6.2,0.28,up xrv6,Best effort,S1,S2,S2,0,0,1
2024-05-11 14:27:56,2,2.27,0.1,0.0,5.61,0.83,up xrv6,Best effort,S1,S2,S2,0,0,1
2024-05-11 14:28:26,2,1.9,13.07,0.0,4.58,0.62,up xrv6,Best effort,S1,S2,S2,10,167,1
2024-05-11 14:28:54,2,2.18,15.91,0.0,5.57,2.42,up xrv6,Best effort,S1,S2,S2,10,167,1
2024-05-11 14:29:24,2,1.69,14.63,0.0,6.3,0.42,up xrv6,Best effort,S1,S2,S2,10,167,1
2024-05-11 14:29:48,2,2.46,6.6,0.0,5.79,0.35,up xrv6,Best effort,S1,S2,S2,10,167,1
2024-05-11 14:30:16,2,2.16,5.89,0.0,5.91,0.61,up xrv6,Best effort,S1,S2,S2,10,167,1
2024-05-11 14:30:44,2,2.29,6.75,17.5,5.72,0.46,up xrv6,Best effort,S1,S2,S2,10,167,1
2024-05-11 14:31:13,2,1.92,6.75,0.0,5.43,1.69,up xrv6,Best effort,S1,S2,S2,10,167,1
2024-05-11 14:31:37,2,2.49,11.42,0.0,5.98,0.52,up xrv6,Best effort,S1,S2,S2,10,167,1
2024-05-11 14:32:04,2,2.64,10.04,0.0,5.77,0.7,up xrv6,Best effort,S1,S2,S2,10,167,1
2024-05-11 14:32:27,2,2.73,14.32,5.0,5.6,0.42,up xrv6,Best effort,S1,S2,S2,10,167,1
2024-05-11 14:32:52,2,2.42,14.17,15.0,6.02,0.49,up xrv6,Best effort,S1,S2,S2,10,167,1
2024-05-11 14:33:20,2,2.15,13.01,0.0,5.55,0.35,up xrv6,Best effort,S1,S2,S2,10,167,1
2024-05-11 14:33:52,2,1.47,14.48,7.5,5.59,0.71,up xrv6,Best effort,S1,S2,S2,10,167,1
2024-05-11 14:34:15,2,3.03,15.36,0.0,4.95,0.64,up xrv6,Best effort,S1,S2,S2,10,167,1
2024-05-11 14:34:47,2,1.51,13.8,0.0,5.72,0.3,up xrv6,Best effort,S1,S2,S2,10,167,1
2024-05-11 14:35:16,2,1.91,20.54,0.0,5.46,0.39,up xrv6,Best effort,S1,S2,S2,20,334,1
2024-05-11 14:35:45,2,2.01,20.16,7.5,6.25,0.35,up xrv6,Best effort,S1,S2,S2,20,334,1
2024-05-11 14:36:09,2,2.49,20.34,7.5,5.24,0.34,up xrv6,Best effort,S1,S2,S2,20,334,1
2024-05-11 14:36:41,2,1.43,10.55,0.0,5.29,0.44,up xrv6,Best effort,S1,S2,S2,20,334,1
2024-05-11 14:37:06,2,1.74,19.77,0.0,5.64,1.0,up xrv6,Best effort,S1,S2,S2,20,334,1
2024-05-11 14:37:31,2,3.3,19.9,0.0,5.57,0.38,up xrv6,Best effort,S1,S2,S2,20,334,1
2024-05-11 14:38:03,2,1.51,20.24,0.0,5.73,0.75,up xrv6,Best effort,S1,S2,S2,20,334,1
2024-05-11 14:38:34,2,1.63,20.39,0.0,5.16,0.36,up xrv6,Best effort,S1,S2,S2,20,334,1
2024-05-11 14:38:56,2,7.14,20.58,0.0,5.36,0.64,up xrv6,Best effort,S1,S2,S2,20,334,1
2024-05-11 14:39:28,2,1.45,20.57,0.0,6.21,0.62,up xrv6,Best effort,S1,S2,S2,20,334,1
2024-05-11 14:39:52,2,2.7,19.86,0.0,5.28,0.64,up xrv6,Best effort,S1,S2,S2,20,334,1
2024-05-11 14:40:22,2,1.69,19.62,0.0,5.41,0.54,up xrv6,Best effort,S1,S2,S2,20,334,1
2024-05-11 14:40:46,2,2.37,20.1,2.5,5.51,0.43,up xrv6,Best effort,S1,S2,S2,20,334,1
2024-05-11 14:41:12,2,2.89,19.66,0.0,5.28,0.57,up xrv6,Best effort,S1,S2,S2,20,334,1
2024-05-11 14:41:37,2,1.97,19.91,0.0,5.45,0.5,up xrv6,Best effort,S1,S2,S2,20,334,1
2024-05-11 14:42:09,2,1.42,0.07,0.0,5.63,0.39,up xrv6,Best effort,S1,S2,S2,50,835,1
2024-05-11 14:43:09,2,0.39,36.44,0.0,5.57,0.78,up xrv6,Best effort,S1,S2,S2,50,835,1
2024-05-11 14:43:45,2,1.14,44.26,7.5,4.58,0.91,up xrv6,Best effort,S1,S2,S2,50,835,1
2024-05-11 14:44:23,2,0.92,51.79,0.0,5.69,0.28,up xrv6,Best effort,S1,S2,S2,50,835,1
2024-05-11 14:44:48,2,3.75,55.87,0.0,5.6,0.62,up xrv6,Best effort,S1,S2,S2,50,835,1
2024-05-11 14:45:14,2,1.61,44.33,2.5,5.28,0.57,up xrv6,Best effort,S1,S2,S2,50,835,1
2024-05-11 14:45:40,2,1.43,35.1,5.0,5.31,0.56,up xrv6,Best effort,S1,S2,S2,50,835,1
2024-05-11 14:46:09,2,2.11,57.51,0.0,5.68,0.46,up xrv6,Best effort,S1,S2,S2,50,835,1
2024-05-11 14:47:02,2,0.42,56.29,0.0,5.6,1.0,up xrv6,Best effort,S1,S2,S2,50,835,1
2024-05-11 14:47:37,2,1.12,42.32,7.5,6.14,1.05,up xrv6,Best effort,S1,S2,S2,50,835,1
2024-05-11 14:48:07,2,0.96,40.69,12.5,5.24,7.33,up xrv6,Best effort,S1,S2,S2,50,835,1
2024-05-11 14:48:55,2,0.61,45.6,2.5,5.77,0.58,up xrv6,Best effort,S1,S2,S2,50,835,1
2024-05-11 14:49:34,2,0.91,43.71,5.0,5.11,0.35,up xrv6,Best effort,S1,S2,S2,50,835,1
2024-05-11 14:50:08,2,1.23,42.66,10.0,6.2,0.43,up xrv6,Best effort,S1,S2,S2,50,835,1
2024-05-11 14:50:35,2,1.32,37.03,0.0,5.39,0.51,up xrv6,Best effort,S1,S2,S2,50,835,1
2024-05-11 14:51:05,2,0.88,38.12,0.0,5.25,1.91,up xrv6,Best effort,S1,S2,S2,50,835,1
2024-05-11 14:52:08,2,0.3,84.86,0.0,5.86,0.56,up xrv6,Best effort,S1,S2,S2,80,1336,1
2024-05-11 14:52:43,2,1.22,110.3,17.5,5.81,0.35,up xrv6,Best effort,S1,S2,S2,80,1336,1
2024-05-11 14:53:14,2,2.0,111.18,35.0,5.75,0.83,up xrv6,Best effort,S1,S2,S2,80,1336,1
2024-05-11 14:53:41,2,2.68,80.64,0.0,5.26,0.94,up xrv6,Best effort,S1,S2,S2,80,1336,1
2024-05-11 14:54:38,2,0.37,61.52,7.5,5.75,0.9,up xrv6,Best effort,S1,S2,S2,80,1336,1
2024-05-11 14:55:47,2,0.32,75.8,0.0,5.12,0.92,up xrv6,Best effort,S1,S2,S2,80,1336,1
2024-05-11 14:56:19,2,1.43,75.59,12.5,5.41,0.87,up xrv6,Best effort,S1,S2,S2,80,1336,1
2024-05-11 14:57:21,2,0.37,69.2,2.5,5.73,8.17,up xrv6,Best effort,S1,S2,S2,80,1336,1
2024-05-11 14:58:07,2,0.72,56.92,0.0,1012.55,6.41,up xrv6,Best effort,S1,S2,S2,80,1336,1
2024-05-11 14:58:41,2,0.69,56.26,35.0,5.49,0.67,up xrv6,Best effort,S1,S2,S2,80,1336,1
2024-05-11 14:59:17,2,0.58,57.51,7.5,5.78,0.4,up xrv6,Best effort,S1,S2,S2,80,1336,1
2024-05-11 15:00:15,2,0.22,112.74,20.0,3049.5,0.61,up xrv6,Best effort,S1,S2,S2,80,1336,1
2024-05-11 15:00:49,2,0.74,110.7,40.0,5.85,0.46,up xrv6,Best effort,S1,S2,S2,80,1336,1
2024-05-11 15:01:38,2,0.29,60.14,0.0,5.33,0.83,up xrv6,Best effort,S1,S2,S2,80,1336,1
2024-05-11 15:02:35,2,0.21,78.02,0.0,5.28,1.48,up xrv6,Best effort,S1,S2,S2,80,1336,1
2024-05-11 15:03:34,2,0.3,79.21,2.5,5.59,0.91,up xrv6,Best effort,S1,S2,S2,80,1336,1
2024-05-11 15:04:12,2,0.52,56.81,22.5,5.38,0.5,up xrv6,Best effort,S1,S2,S2,80,1336,1
2024-05-11 15:04:55,2,0.37,1.18,0.0,5.5,0.29,up xrv6,Best effort,S1,S2,S2,100,1670,1
2024-05-11 15:05:26,2,1.28,55.49,27.500000000000004,6.05,0.53,up xrv6,Best effort,S1,S2,S2,100,1670,1
2024-05-11 15:06:41,2,0.14,104.66,12.5,5.52,0.42,up xrv6,Best effort,S1,S2,S2,100,1670,1
2024-05-11 15:07:28,2,0.45,55.97,30.0,6.2,0.4,up xrv6,Best effort,S1,S2,S2,100,1670,1
2024-05-11 15:07:58,2,1.07,111.62,30.0,5.84,1.32,up xrv6,Best effort,S1,S2,S2,100,1670,1
2024-05-11 15:08:28,2,1.18,113.21,27.500000000000004,1037.03,1.39,up xrv6,Best effort,S1,S2,S2,100,1670,1
2024-05-11 15:09:59,2,0.22,57.19,30.0,1007.3,0.81,up xrv6,Best effort,S1,S2,S2,100,1670,1
2024-05-11 15:10:33,2,0.67,112.84,17.5,5.54,0.64,up xrv6,Best effort,S1,S2,S2,100,1670,1
2024-05-11 15:11:22,2,0.29,96.61,0.0,5.53,0.73,up xrv6,Best effort,S1,S2,S2,100,1670,1
2024-05-11 15:12:47,2,0.13,92.64,0.0,5.05,1.12,up xrv6,Best effort,S1,S2,S2,100,1670,1
2024-05-11 15:13:44,2,0.12,99.24,2.5,6.62,0.28,up xrv6,Best effort,S1,S2,S2,100,1670,1
2024-05-11 15:14:13,2,1.27,56.45,40.0,5.7,0.89,up xrv6,Best effort,S1,S2,S2,100,1670,1
2024-05-11 15:14:45,2,1.76,57.0,10.0,5.99,0.39,up xrv6,Best effort,S1,S2,S2,100,1670,1
2024-05-11 15:15:12,2,2.76,91.86,0.0,5.39,0.71,up xrv6,Best effort,S1,S2,S2,100,1670,1
2024-05-11 15:16:06,2,0.19,86.75,2.5,5.84,0.59,up xrv6,Best effort,S1,S2,S2,100,1670,1
2024-05-11 15:16:38,2,1.12,112.05,15.0,5.54,0.87,up xrv6,Best effort,S1,S2,S2,100,1670,1
2024-05-11 15:17:23,2,1.95,0.1,0.0,5.69,0.37,up xrv6,Best effort,S1,S2,S2,120,2004,1
2024-05-11 15:18:56,2,0.11,126.04,0.0,5.29,0.98,up xrv6,Best effort,S1,S2,S2,120,2004,1
2024-05-11 15:19:23,2,1.48,55.29,7.5,1028.46,3.06,up xrv6,Best effort,S1,S2,S2,120,2004,1
2024-05-11 15:20:07,2,0.36,59.67,0.0,5.57,0.49,up xrv6,Best effort,S1,S2,S2,120,2004,1
2024-05-11 15:20:44,2,0.62,117.92,0.0,5.14,0.44,up xrv6,Best effort,S1,S2,S2,120,2004,1
2024-05-11 15:21:55,2,0.28,113.45,25.0,5.66,2.11,up xrv6,Best effort,S1,S2,S2,120,2004,1
2024-05-11 15:22:26,2,1.25,57.14,2.5,3028.22,1.05,up xrv6,Best effort,S1,S2,S2,120,2004,1
2024-05-11 15:22:51,2,1.88,113.64,12.5,5.42,1.77,up xrv6,Best effort,S1,S2,S2,120,2004,1
2024-05-11 15:23:21,2,1.3,81.87,35.0,1034.28,0.28,up xrv6,Best effort,S1,S2,S2,120,2004,1
2024-05-11 15:23:47,2,2.78,54.68,35.0,5.38,1.71,up xrv6,Best effort,S1,S2,S2,120,2004,1
2024-05-11 15:24:44,2,0.45,113.35,27.500000000000004,1037.22,0.54,up xrv6,Best effort,S1,S2,S2,120,2004,1
2024-05-11 15:25:13,2,1.18,112.89,30.0,5.73,0.5,up xrv6,Best effort,S1,S2,S2,120,2004,1
2024-05-11 15:40:50,2,2.42,0.09,0.0,11.53,0.6,up xrv6,Best effort,S1,S3,S3,0,0,1
2024-05-11 15:41:18,2,2.15,0.07,0.0,7.61,0.53,up xrv6,Best effort,S1,S3,S3,0,0,1
2024-05-11 15:41:46,2,2.19,0.06,0.0,6.95,0.46,up xrv6,Best effort,S1,S3,S3,0,0,1
2024-05-11 15:42:13,2,2.68,0.09,0.0,7.39,0.58,up xrv6,Best effort,S1,S3,S3,0,0,1
2024-05-11 15:42:40,2,2.66,0.06,0.0,7.21,0.47,up xrv6,Best effort,S1,S3,S3,0,0,1
2024-05-11 15:43:09,2,2.02,0.53,0.0,7.22,0.41,up xrv6,Best effort,S1,S3,S3,0,0,1
2024-05-11 15:43:36,2,2.27,0.18,0.0,7.1,0.55,up xrv6,Best effort,S1,S3,S3,0,0,1
2024-05-11 15:44:03,2,2.55,0.05,0.0,7.45,2.22,up xrv6,Best effort,S1,S3,S3,0,0,1
2024-05-11 15:44:28,2,2.43,10.13,7.5,6.34,0.55,up xrv6,Best effort,S1,S3,S3,10,167,1
2024-05-11 15:44:55,2,2.44,9.91,0.0,7.55,0.52,up xrv6,Best effort,S1,S3,S3,10,167,1
2024-05-11 15:45:29,2,1.26,12.71,0.0,6.81,0.51,up xrv6,Best effort,S1,S3,S3,10,167,1
2024-05-11 15:45:59,2,1.71,16.37,7.5,6.55,0.69,up xrv6,Best effort,S1,S3,S3,10,167,1
2024-05-11 15:46:25,2,3.34,10.12,7.5,6.55,1.7,up xrv6,Best effort,S1,S3,S3,10,167,1
2024-05-11 15:46:52,2,2.4,10.14,0.0,6.97,0.82,up xrv6,Best effort,S1,S3,S3,10,167,1
2024-05-11 15:47:16,2,3.01,14.33,10.0,7.27,0.44,up xrv6,Best effort,S1,S3,S3,10,167,1
2024-05-11 15:47:40,2,2.45,13.85,0.0,6.9,0.65,up xrv6,Best effort,S1,S3,S3,10,167,1
2024-05-11 15:48:08,2,2.26,11.49,10.0,7.09,0.91,up xrv6,Best effort,S1,S3,S3,10,167,1
2024-05-11 15:48:32,2,2.61,15.2,5.0,7.53,0.69,up xrv6,Best effort,S1,S3,S3,10,167,1
2024-05-11 15:48:55,2,3.51,13.77,0.0,7.7,1.14,up xrv6,Best effort,S1,S3,S3,10,167,1
2024-05-11 15:49:18,2,2.61,10.24,0.0,7.12,0.65,up xrv6,Best effort,S1,S3,S3,10,167,1
2024-05-11 15:49:50,2,1.62,11.13,15.0,7.34,0.42,up xrv6,Best effort,S1,S3,S3,10,167,1
2024-05-11 15:50:14,2,2.48,8.8,0.0,6.63,0.61,up xrv6,Best effort,S1,S3,S3,10,167,1
2024-05-11 15:50:43,2,1.88,12.19,0.0,7.98,1.09,up xrv6,Best effort,S1,S3,S3,10,167,1
2024-05-11 15:51:17,2,1.8,13.35,0.0,7.04,0.7,up xrv6,Best effort,S1,S3,S3,10,167,1
2024-05-11 15:51:41,2,2.62,8.02,0.0,6.6,0.43,up xrv6,Best effort,S1,S3,S3,10,167,1
2024-05-11 15:52:05,2,2.42,14.98,0.0,7.23,0.37,up xrv6,Best effort,S1,S3,S3,10,167,1
2024-05-11 15:52:29,2,2.45,11.13,0.0,6.99,0.5,up xrv6,Best effort,S1,S3,S3,10,167,1
2024-05-11 15:52:58,2,2.07,10.15,5.0,7.5,3.29,up xrv6,Best effort,S1,S3,S3,10,167,1
2024-05-11 15:53:25,2,2.33,9.8,0.0,6.99,0.75,up xrv6,Best effort,S1,S3,S3,10,167,1
2024-05-11 15:53:52,2,2.55,12.69,0.0,7.68,1.03,up xrv6,Best effort,S1,S3,S3,10,167,1
2024-05-11 15:54:16,2,2.39,15.12,0.0,7.34,2.49,up xrv6,Best effort,S1,S3,S3,10,167,1
2024-05-11 15:54:44,2,2.28,19.66,0.0,6.47,0.52,up xrv6,Best effort,S1,S3,S3,20,334,1
2024-05-11 15:55:18,2,1.29,19.7,7.5,7.23,0.83,up xrv6,Best effort,S1,S3,S3,20,334,1
2024-05-11 15:55:46,2,2.36,20.98,12.5,7.23,0.65,up xrv6,Best effort,S1,S3,S3,20,334,1
2024-05-11 15:56:10,2,2.68,20.54,5.0,6.92,0.45,up xrv6,Best effort,S1,S3,S3,20,334,1
2024-05-11 15:56:42,2,1.38,19.76,0.0,7.11,0.61,up xrv6,Best effort,S1,S3,S3,20,334,1
2024-05-11 15:57:14,2,1.48,19.63,0.0,6.7,0.57,up xrv6,Best effort,S1,S3,S3,20,334,1
2024-05-11 15:57:46,2,1.49,13.25,7.5,7.58,0.35,up xrv6,Best effort,S1,S3,S3,20,334,1
2024-05-11 15:58:15,2,2.11,9.51,0.0,7.11,0.78,up xrv6,Best effort,S1,S3,S3,20,334,1
2024-05-11 15:58:47,2,1.45,19.93,0.0,7.4,0.37,up xrv6,Best effort,S1,S3,S3,20,334,1
2024-05-11 15:59:15,2,2.04,20.43,0.0,7.64,1.01,up xrv6,Best effort,S1,S3,S3,20,334,1
2024-05-11 15:59:41,2,3.2,9.71,12.5,6.74,1.05,up xrv6,Best effort,S1,S3,S3,20,334,1
2024-05-11 16:00:10,2,2.33,15.32,17.5,7.12,0.89,up xrv6,Best effort,S1,S3,S3,20,334,1
2024-05-11 16:00:39,2,1.84,0.13,0.0,7.05,0.38,up xrv6,Best effort,S1,S3,S3,50,835,1
2024-05-11 16:01:04,2,2.51,53.72,22.5,7.8,1.14,up xrv6,Best effort,S1,S3,S3,50,835,1
2024-05-11 16:01:30,2,1.56,51.13,0.0,7.0,0.77,up xrv6,Best effort,S1,S3,S3,50,835,1
2024-05-11 16:01:54,2,2.41,51.3,0.0,7.16,0.6,up xrv6,Best effort,S1,S3,S3,50,835,1
2024-05-11 16:02:26,2,1.46,46.08,0.0,7.52,0.82,up xrv6,Best effort,S1,S3,S3,50,835,1
2024-05-11 16:02:52,2,1.83,50.85,7.5,1019.64,0.95,up xrv6,Best effort,S1,S3,S3,50,835,1
2024-05-11 16:03:17,2,2.37,56.26,15.0,6.96,0.28,up xrv6,Best effort,S1,S3,S3,50,835,1
2024-05-11 16:03:51,2,1.27,22.06,17.5,8.33,1.53,up xrv6,Best effort,S1,S3,S3,50,835,1
2024-05-11 16:04:15,2,2.63,57.1,17.5,7.15,0.77,up xrv6,Best effort,S1,S3,S3,50,835,1
2024-05-11 16:05:03,2,0.62,53.1,12.5,6.82,0.89,up xrv6,Best effort,S1,S3,S3,50,835,1
2024-05-11 16:06:10,2,0.32,43.27,0.0,6.62,0.69,up xrv6,Best effort,S1,S3,S3,50,835,1
2024-05-11 16:06:37,2,2.81,56.51,2.5,7.23,0.76,up xrv6,Best effort,S1,S3,S3,50,835,1
2024-05-11 16:07:36,2,0.39,33.58,0.0,7.79,1.03,up xrv6,Best effort,S1,S3,S3,50,835,1
2024-05-11 16:08:01,2,1.71,36.55,0.0,6.8,0.61,up xrv6,Best effort,S1,S3,S3,50,835,1
2024-05-11 16:08:46,2,0.7,50.13,5.0,7.14,1.1,up xrv6,Best effort,S1,S3,S3,50,835,1
2024-05-11 16:09:10,2,2.37,0.13,0.0,7.57,1.12,up xrv6,Best effort,S1,S3,S3,80,1336,1
2024-05-11 16:09:39,2,1.11,55.47,32.5,7.31,1.76,up xrv6,Best effort,S1,S3,S3,80,1336,1
2024-05-11 16:10:09,2,1.18,92.14,45.0,7.3,1.74,up xrv6,Best effort,S1,S3,S3,80,1336,1
2024-05-11 16:10:53,2,0.35,84.25,0.0,7.05,1.58,up xrv6,Best effort,S1,S3,S3,80,1336,1
2024-05-11 16:11:18,2,1.96,49.52,0.0,7.03,0.28,up xrv6,Best effort,S1,S3,S3,80,1336,1
2024-05-11 16:11:42,2,2.54,110.54,12.5,7.26,0.74,up xrv6,Best effort,S1,S3,S3,80,1336,1
2024-05-11 16:12:17,2,2.42,56.03,0.0,7.28,1.18,up xrv6,Best effort,S1,S3,S3,80,1336,1
2024-05-11 16:13:19,2,0.33,96.65,0.0,7.37,0.67,up xrv6,Best effort,S1,S3,S3,80,1336,1
2024-05-11 16:14:40,2,0.2,58.44,0.0,6.85,0.95,up xrv6,Best effort,S1,S3,S3,80,1336,1
2024-05-11 16:15:13,2,1.43,59.36,7.5,7.53,0.64,up xrv6,Best effort,S1,S3,S3,80,1336,1
2024-05-11 16:15:40,2,1.35,57.28,5.0,10.66,1.17,up xrv6,Best effort,S1,S3,S3,80,1336,1
2024-05-11 16:16:39,2,0.43,81.04,0.0,7.3,0.44,up xrv6,Best effort,S1,S3,S3,80,1336,1
2024-05-11 16:17:32,2,0.41,83.36,0.0,7.31,0.59,up xrv6,Best effort,S1,S3,S3,80,1336,1
2024-05-11 16:18:04,2,1.46,74.26,0.0,7.81,0.95,up xrv6,Best effort,S1,S3,S3,80,1336,1
2024-05-11 16:18:46,2,0.39,81.67,0.0,7.21,0.96,up xrv6,Best effort,S1,S3,S3,80,1336,1
2024-05-11 16:19:55,2,0.29,0.06,0.0,7.81,0.34,up xrv6,Best effort,S1,S3,S3,100,1670,1
2024-05-11 16:20:30,2,0.65,111.96,25.0,8.77,0.29,up xrv6,Best effort,S1,S3,S3,100,1670,1
2024-05-11 16:21:10,2,2.7,58.41,32.5,7.6,1.51,up xrv6,Best effort,S1,S3,S3,100,1670,1
2024-05-11 16:21:48,2,0.51,56.43,27.500000000000004,7.53,0.68,up xrv6,Best effort,S1,S3,S3,100,1670,1
2024-05-11 16:22:23,2,0.57,55.25,0.0,7.74,0.51,up xrv6,Best effort,S1,S3,S3,100,1670,1
2024-05-11 16:22:58,2,0.64,22.43,25.0,7.66,1.26,up xrv6,Best effort,S1,S3,S3,100,1670,1
2024-05-11 16:23:25,2,1.58,110.57,30.0,8.55,0.38,up xrv6,Best effort,S1,S3,S3,100,1670,1
2024-05-11 16:23:50,2,2.47,134.37,27.500000000000004,8.29,0.44,up xrv6,Best effort,S1,S3,S3,100,1670,1
2024-05-11 16:25:03,2,0.32,116.1,0.0,6.47,1.16,up xrv6,Best effort,S1,S3,S3,100,1670,1
2024-05-11 16:25:32,2,1.16,58.59,5.0,1009.98,1.64,up xrv6,Best effort,S1,S3,S3,100,1670,1
2024-05-11 16:26:40,2,0.21,73.27,25.0,9.08,0.72,up xrv6,Best effort,S1,S3,S3,100,1670,1
2024-05-11 16:27:40,2,0.13,56.84,37.5,7.24,1.66,up xrv6,Best effort,S1,S3,S3,100,1670,1
2024-05-11 16:28:07,2,2.58,0.1,0.0,7.42,0.39,up xrv6,Best effort,S1,S3,S3,120,2004,1
2024-05-11 16:28:39,2,1.18,58.4,40.0,1035.8,0.81,up xrv6,Best effort,S1,S3,S3,120,2004,1
2024-05-11 16:29:15,2,1.07,74.25,2.5,7.75,0.74,up xrv6,Best effort,S1,S3,S3,120,2004,1
2024-05-11 16:29:44,2,2.2,0.06,0.0,6.94,0.51,up xrv6,Best effort,S1,S3,S3,120,2004,1
2024-05-11 16:30:11,2,2.95,58.02,12.5,7.8,0.38,up xrv6,Best effort,S1,S3,S3,120,2004,1
2024-05-11 16:31:00,2,0.3,124.35,0.0,7.12,1.57,up xrv6,Best effort,S1,S3,S3,120,2004,1
2024-05-11 16:31:29,2,3.3,73.03,15.0,3031.66,1.07,up xrv6,Best effort,S1,S3,S3,120,2004,1
2024-05-11 16:32:12,2,0.58,111.75,20.0,7.58,0.56,up xrv6,Best effort,S1,S3,S3,120,2004,1
2024-05-11 16:32:39,2,2.79,122.39,0.0,7.01,0.81,up xrv6,Best effort,S1,S3,S3,120,2004,1
2024-05-11 16:33:04,2,2.33,56.43,5.0,7.55,0.63,up xrv6,Best effort,S1,S3,S3,120,2004,1
2024-05-11 16:33:29,2,2.45,113.84,25.0,7.4,0.68,up xrv6,Best effort,S1,S3,S3,120,2004,1
2024-05-11 16:35:01,2,0.2,0.06,0.0,7.17,0.66,up xrv6,Best effort,S1,S3,S3,120,2004,1
2024-05-11 16:35:30,2,1.91,0.09,0.0,6.93,0.46,up xrv6,Best effort,S1,S3,S3,120,2004,1
2024-05-11 16:35:54,2,2.45,0.55,0.0,7.15,0.4,up xrv6,Best effort,S1,S3,S3,120,2004,1
2024-05-11 16:36:17,2,2.73,0.09,0.0,7.25,0.56,up xrv6,Best effort,S1,S3,S3,120,2004,1
2024-05-11 16:55:46,2,2.6,0.07,0.0,5.61,0.29,up xrv6,Best effort,S1,S2,S2,0,0,2
2024-05-11 16:56:15,2,1.93,0.29,0.0,5.9,0.33,up xrv6,Best effort,S1,S2,S2,0,0,2
2024-05-11 16:56:46,2,1.6,0.07,0.0,6.13,0.46,up xrv6,Best effort,S1,S2,S2,0,0,2
2024-05-11 16:57:09,2,2.79,0.23,0.0,5.77,0.49,up xrv6,Best effort,S1,S2,S2,0,0,2
2024-05-11 16:57:39,2,1.88,0.3,0.0,6.39,0.44,up xrv6,Best effort,S1,S2,S2,0,0,2
2024-05-11 16:58:05,2,3.26,0.05,17.5,5.91,0.2,up xrv6,Best effort,S1,S2,S2,0,0,2
2024-05-11 16:58:33,2,2.1,0.05,0.0,5.76,0.34,up xrv6,Best effort,S1,S2,S2,0,0,2
2024-05-11 16:59:04,2,1.7,1.04,0.0,6.22,0.44,up xrv6,Best effort,S1,S2,S2,0,0,2
2024-05-11 16:59:32,2,2.14,15.78,17.5,5.48,0.45,up xrv6,Best effort,S1,S2,S2,10,167,2
2024-05-11 17:00:01,2,2.08,15.11,0.0,5.33,0.28,up xrv6,Best effort,S1,S2,S2,10,167,2
2024-05-11 17:00:24,2,3.01,12.72,10.0,5.06,0.33,up xrv6,Best effort,S1,S2,S2,10,167,2
2024-05-11 17:00:55,2,1.62,4.78,0.0,5.04,0.85,up xrv6,Best effort,S1,S2,S2,10,167,2
2024-05-11 17:01:19,2,2.45,11.56,0.0,5.12,0.39,up xrv6,Best effort,S1,S2,S2,10,167,2
2024-05-11 17:01:51,2,1.51,15.45,12.5,5.17,0.64,up xrv6,Best effort,S1,S2,S2,10,167,2
2024-05-11 17:02:17,2,2.96,10.85,2.5,5.25,0.6,up xrv6,Best effort,S1,S2,S2,10,167,2
2024-05-11 17:02:41,2,2.48,9.69,0.0,5.5,0.58,up xrv6,Best effort,S1,S2,S2,10,167,2
2024-05-11 17:03:04,2,3.1,13.55,0.0,5.66,0.38,up xrv6,Best effort,S1,S2,S2,10,167,2
2024-05-11 17:03:27,2,3.07,14.44,0.0,7.42,0.68,up xrv6,Best effort,S1,S2,S2,10,167,2
2024-05-11 17:03:50,2,3.07,4.66,2.5,5.19,0.44,up xrv6,Best effort,S1,S2,S2,10,167,2
2024-05-11 17:04:15,2,1.86,13.74,0.0,5.12,0.48,up xrv6,Best effort,S1,S2,S2,10,167,2
2024-05-11 17:04:45,2,1.63,15.16,0.0,5.91,0.4,up xrv6,Best effort,S1,S2,S2,10,167,2
2024-05-11 17:05:09,2,2.49,10.28,7.5,5.52,0.37,up xrv6,Best effort,S1,S2,S2,10,167,2
2024-05-11 17:05:33,2,2.5,12.59,0.0,5.27,0.42,up xrv6,Best effort,S1,S2,S2,10,167,2
2024-05-11 17:06:03,2,1.85,11.89,0.0,5.86,0.49,up xrv6,Best effort,S1,S2,S2,10,167,2
2024-05-11 17:06:34,2,1.5,10.42,0.0,5.57,0.38,up xrv6,Best effort,S1,S2,S2,10,167,2
2024-05-11 17:07:01,2,2.52,11.55,0.0,5.45,0.87,up xrv6,Best effort,S1,S2,S2,10,167,2
2024-05-11 17:07:30,2,2.29,0.11,17.5,5.56,0.42,up xrv6,Best effort,S1,S2,S2,20,334,2
2024-05-11 17:07:53,2,2.45,20.11,0.0,5.63,0.66,up xrv6,Best effort,S1,S2,S2,20,334,2
2024-05-11 17:08:30,2,1.0,19.88,0.0,5.48,0.69,up xrv6,Best effort,S1,S2,S2,20,334,2
2024-05-11 17:08:55,2,2.1,36.63,0.0,5.78,0.85,up xrv6,Best effort,S1,S2,S2,20,334,2
2024-05-11 17:09:24,2,2.95,0.32,0.0,5.78,0.37,up xrv6,Best effort,S1,S2,S2,20,334,2
2024-05-11 17:09:56,2,1.52,20.41,0.0,5.74,0.44,up xrv6,Best effort,S1,S2,S2,20,334,2
2024-05-11 17:10:25,2,2.12,20.07,12.5,4.78,0.61,up xrv6,Best effort,S1,S2,S2,20,334,2
2024-05-11 17:10:50,2,1.99,19.89,2.5,4.99,0.44,up xrv6,Best effort,S1,S2,S2,20,334,2
2024-05-11 17:11:14,2,2.41,20.52,15.0,5.4,0.54,up xrv6,Best effort,S1,S2,S2,20,334,2
2024-05-11 17:11:39,2,1.77,19.35,0.0,4.86,0.57,up xrv6,Best effort,S1,S2,S2,20,334,2
2024-05-11 17:12:13,2,1.29,20.47,0.0,5.47,0.45,up xrv6,Best effort,S1,S2,S2,20,334,2
2024-05-11 17:12:37,2,2.55,20.22,5.0,6.35,0.52,up xrv6,Best effort,S1,S2,S2,20,334,2
2024-05-11 17:13:00,2,2.97,20.39,10.0,5.49,1.57,up xrv6,Best effort,S1,S2,S2,20,334,2
2024-05-11 17:13:26,2,1.64,19.59,0.0,5.4,0.44,up xrv6,Best effort,S1,S2,S2,20,334,2
2024-05-11 17:13:49,2,2.48,20.18,0.0,4.48,0.56,up xrv6,Best effort,S1,S2,S2,20,334,2
2024-05-11 17:14:15,2,3.67,19.95,10.0,4.97,0.46,up xrv6,Best effort,S1,S2,S2,20,334,2
2024-05-11 17:14:43,2,2.22,0.1,0.0,5.58,1.25,up xrv6,Best effort,S1,S2,S2,50,835,2
2024-05-11 17:15:28,2,0.74,60.13,35.0,1014.81,0.75,up xrv6,Best effort,S1,S2,S2,50,835,2
2024-05-11 17:16:41,2,0.27,74.27,0.0,5.42,0.68,up xrv6,Best effort,S1,S2,S2,50,835,2
2024-05-11 17:17:07,2,1.77,116.26,12.5,5.77,0.58,up xrv6,Best effort,S1,S2,S2,50,835,2
2024-05-11 17:18:07,2,0.13,10.64,7.5,1019.97,0.78,up xrv6,Best effort,S1,S2,S2,50,835,2
2024-05-11 17:18:59,2,0.52,53.92,22.5,6.17,0.58,up xrv6,Best effort,S1,S2,S2,50,835,2
2024-05-11 17:19:29,2,2.03,0.07,27.500000000000004,5.76,0.57,up xrv6,Best effort,S1,S2,S2,50,835,2
2024-05-11 17:20:49,2,0.18,52.57,2.5,5.06,0.46,up xrv6,Best effort,S1,S2,S2,50,835,2
2024-05-11 17:21:24,2,1.14,0.07,5.0,5.67,0.35,up xrv6,Best effort,S1,S2,S2,50,835,2
2024-05-11 17:21:54,2,0.93,77.34,7.5,4.72,0.32,up xrv6,Best effort,S1,S2,S2,50,835,2
2024-05-11 17:22:42,2,0.71,0.07,2.5,5.45,0.6,up xrv6,Best effort,S1,S2,S2,80,1336,2
2024-05-11 17:24:06,2,2.43,66.29,12.5,5.42,0.54,up xrv6,Best effort,S1,S2,S2,80,1336,2
2024-05-11 17:24:47,2,1.0,76.42,12.5,5.45,0.37,up xrv6,Best effort,S1,S2,S2,80,1336,2
2024-05-11 17:26:01,2,0.29,0.07,25.0,5.68,3.37,up xrv6,Best effort,S1,S2,S2,80,1336,2
2024-05-11 17:26:31,2,2.66,0.06,0.0,5.42,0.5,up xrv6,Best effort,S1,S2,S2,80,1336,2
2024-05-11 17:27:02,2,1.77,46.47,22.5,5.64,1.24,up xrv6,Best effort,S1,S2,S2,80,1336,2
2024-05-11 17:27:46,2,0.73,0.41,2.5,5.65,0.31,up xrv6,Best effort,S1,S2,S2,80,1336,2
2024-05-11 17:28:13,2,2.69,0.33,0.0,5.61,0.47,up xrv6,Best effort,S1,S2,S2,80,1336,2
2024-05-11 17:29:13,2,0.4,111.91,35.0,1013.63,0.69,up xrv6,Best effort,S1,S2,S2,80,1336,2
2024-05-11 17:29:42,2,1.23,57.3,30.0,5.4,0.48,up xrv6,Best effort,S1,S2,S2,80,1336,2
2024-05-11 17:30:46,2,0.26,0.09,0.0,5.6,0.74,up xrv6,Best effort,S1,S2,S2,80,1336,2
2024-05-11 17:31:17,2,1.76,59.18,0.0,5.79,0.37,up xrv6,Best effort,S1,S2,S2,80,1336,2
2024-05-11 17:31:53,2,1.03,0.03,2.5,6.0,1.41,up xrv6,Best effort,S1,S2,S2,80,1336,2
2024-05-11 17:32:22,2,2.59,0.03,27.500000000000004,5.96,0.29,up xrv6,Best effort,S1,S2,S2,80,1336,2
2024-05-11 17:32:45,2,2.71,0.55,0.0,5.37,0.26,up xrv6,Best effort,S1,S2,S2,80,1336,2
2024-05-11 17:33:37,2,0.61,0.36,30.0,5.95,0.53,up xrv6,Best effort,S1,S2,S2,80,1336,2
2024-05-11 17:34:02,2,2.4,32.76,0.0,5.87,0.61,up xrv6,Best effort,S1,S2,S2,100,1670,2
2024-05-11 17:36:42,2,0.05,0.07,15.0,5.65,0.21,up xrv6,Best effort,S1,S2,S2,100,1670,2
2024-05-11 17:37:06,2,2.43,80.31,0.0,5.28,0.44,up xrv6,Best effort,S1,S2,S2,100,1670,2
2024-05-11 17:37:38,2,1.61,0.08,7.5,5.59,0.59,up xrv6,Best effort,S1,S2,S2,100,1670,2
2024-05-11 17:39:08,2,2.05,0.03,0.0,5.32,0.61,up xrv6,Best effort,S1,S2,S2,100,1670,2
2024-05-11 17:39:36,2,1.17,0.06,5.0,5.72,0.34,up xrv6,Best effort,S1,S2,S2,100,1670,2
2024-05-11 17:40:12,2,0.57,0.07,35.0,5.85,0.89,up xrv6,Best effort,S1,S2,S2,100,1670,2
2024-05-11 17:41:09,2,0.23,0.07,0.0,5.31,0.47,up xrv6,Best effort,S1,S2,S2,100,1670,2
2024-05-11 17:41:46,2,0.48,0.09,0.0,5.86,0.3,up xrv6,Best effort,S1,S2,S2,100,1670,2
2024-05-11 17:42:14,2,1.19,59.45,5.0,5.68,4.63,up xrv6,Best effort,S1,S2,S2,100,1670,2
2024-05-11 17:43:21,2,0.11,78.55,35.0,5.66,0.46,up xrv6,Best effort,S1,S2,S2,100,1670,2
2024-05-11 17:43:52,2,2.92,57.77,27.500000000000004,5.35,1.1,up xrv6,Best effort,S1,S2,S2,100,1670,2
2024-05-11 17:45:11,2,0.1,111.32,0.0,6.67,1.25,up xrv6,Best effort,S1,S2,S2,100,1670,2
2024-05-11 17:45:40,2,1.46,55.62,10.0,1006.02,0.36,up xrv6,Best effort,S1,S2,S2,100,1670,2
2024-05-11 17:46:05,2,3.0,61.29,7.5,5.56,0.34,up xrv6,Best effort,S1,S2,S2,100,1670,2
2024-05-11 17:47:25,2,0.26,4.97,35.0,1034.97,0.81,up xrv6,Best effort,S1,S2,S2,100,1670,2
2024-05-11 17:47:48,2,2.95,0.09,0.0,5.65,0.44,up xrv6,Best effort,S1,S2,S2,100,1670,2
2024-05-11 17:48:38,2,0.29,0.08,0.0,5.02,0.33,up xrv6,Best effort,S1,S2,S2,100,1670,2
2024-05-11 17:49:31,2,0.49,86.82,27.500000000000004,1023.56,0.56,up xrv6,Best effort,S1,S2,S2,120,2004,2
2024-05-11 17:50:22,2,1.13,90.92,15.0,5.53,0.62,up xrv6,Best effort,S1,S2,S2,120,2004,2
2024-05-11 17:50:47,2,2.48,115.89,17.5,6.03,1.35,up xrv6,Best effort,S1,S2,S2,120,2004,2
2024-05-11 17:51:49,2,0.08,59.7,30.0,5.48,0.76,up xrv6,Best effort,S1,S2,S2,120,2004,2
2024-05-11 17:53:03,2,0.28,101.64,7.5,5.29,1.22,up xrv6,Best effort,S1,S2,S2,120,2004,2
2024-05-11 17:53:26,2,2.43,0.09,0.0,5.77,0.33,up xrv6,Best effort,S1,S2,S2,120,2004,2
2024-05-11 17:54:03,2,0.7,57.1,32.5,6.1,0.97,up xrv6,Best effort,S1,S2,S2,120,2004,2
2024-05-11 17:54:41,2,1.72,111.39,15.0,5.43,0.53,up xrv6,Best effort,S1,S2,S2,120,2004,2
2024-05-11 17:56:58,2,0.05,99.02,0.0,5.74,1.02,up xrv6,Best effort,S1,S2,S2,120,2004,2
2024-05-11 17:57:23,2,2.91,117.39,12.5,5.54,1.37,up xrv6,Best effort,S1,S2,S2,120,2004,2
2024-05-11 17:57:47,2,2.7,110.91,0.0,5.7,0.49,up xrv6,Best effort,S1,S2,S2,120,2004,2
2024-05-11 17:58:18,2,1.69,0.55,35.0,5.33,0.6,up xrv6,Best effort,S1,S2,S2,120,2004,2
2024-05-11 17:58:54,2,0.58,58.43,27.500000000000004,5.35,0.3,up xrv6,Best effort,S1,S2,S2,120,2004,2
2024-05-11 18:00:42,2,0.13,56.92,42.5,1031.6,0.46,up xrv6,Best effort,S1,S2,S2,120,2004,2
2024-05-11 18:05:35,2,3.21,0.1,17.5,7.35,0.76,up xrv6,Best effort,S1,S3,S3,0,0,2
2024-05-11 18:05:58,2,2.71,0.06,0.0,7.63,1.0,up xrv6,Best effort,S1,S3,S3,0,0,2
2024-05-11 18:06:27,2,2.11,0.08,0.0,7.12,0.55,up xrv6,Best effort,S1,S3,S3,0,0,2
2024-05-11 18:06:58,2,1.6,0.14,0.0,6.84,0.85,up xrv6,Best effort,S1,S3,S3,0,0,2
2024-05-11 18:07:21,2,2.7,0.09,0.0,7.6,0.5,up xrv6,Best effort,S1,S3,S3,0,0,2
2024-05-11 18:07:51,2,1.89,0.06,0.0,8.71,0.36,up xrv6,Best effort,S1,S3,S3,0,0,2
2024-05-11 18:08:15,2,2.4,0.74,0.0,7.62,0.77,up xrv6,Best effort,S1,S3,S3,0,0,2
2024-05-11 18:08:44,2,1.89,0.03,0.0,7.32,0.4,up xrv6,Best effort,S1,S3,S3,0,0,2
2024-05-11 18:09:15,2,1.62,0.11,0.0,7.31,0.49,up xrv6,Best effort,S1,S3,S3,0,0,2
2024-05-11 18:09:44,2,1.93,0.05,0.0,7.09,0.38,up xrv6,Best effort,S1,S3,S3,0,0,2
2024-05-11 18:10:10,2,3.29,0.09,17.5,6.82,0.6,up xrv6,Best effort,S1,S3,S3,0,0,2
2024-05-11 18:10:39,2,2.0,0.08,0.0,7.16,0.36,up xrv6,Best effort,S1,S3,S3,0,0,2
2024-05-11 18:11:06,2,2.66,0.11,0.0,7.48,1.68,up xrv6,Best effort,S1,S3,S3,0,0,2
2024-05-11 18:11:31,2,3.34,0.12,0.0,7.68,4.45,up xrv6,Best effort,S1,S3,S3,0,0,2
2024-05-11 18:11:59,2,2.35,0.07,0.0,7.45,0.89,up xrv6,Best effort,S1,S3,S3,0,0,2
2024-05-11 18:12:28,2,1.89,10.96,0.0,6.74,0.39,up xrv6,Best effort,S1,S3,S3,10,167,2
2024-05-11 18:13:00,2,1.59,14.51,15.0,7.8,0.31,up xrv6,Best effort,S1,S3,S3,10,167,2
2024-05-11 18:13:26,2,2.96,7.13,17.5,7.49,0.55,up xrv6,Best effort,S1,S3,S3,10,167,2
2024-05-11 18:13:57,2,1.66,11.84,0.0,7.28,0.54,up xrv6,Best effort,S1,S3,S3,10,167,2
2024-05-11 18:14:22,2,1.84,11.81,0.0,6.55,0.7,up xrv6,Best effort,S1,S3,S3,10,167,2
2024-05-11 18:14:48,2,1.5,13.08,0.0,7.15,1.42,up xrv6,Best effort,S1,S3,S3,10,167,2
2024-05-11 18:15:16,2,2.29,11.31,0.0,7.65,0.88,up xrv6,Best effort,S1,S3,S3,10,167,2
2024-05-11 18:15:40,2,2.45,9.85,15.0,7.16,0.8,up xrv6,Best effort,S1,S3,S3,10,167,2
2024-05-11 18:16:15,2,1.19,11.69,0.0,7.19,0.74,up xrv6,Best effort,S1,S3,S3,10,167,2
2024-05-11 18:16:39,2,2.08,9.81,0.0,7.45,0.49,up xrv6,Best effort,S1,S3,S3,10,167,2
2024-05-11 18:17:07,2,2.14,10.07,0.0,8.07,0.58,up xrv6,Best effort,S1,S3,S3,10,167,2
2024-05-11 18:17:34,2,1.48,13.12,0.0,6.25,0.67,up xrv6,Best effort,S1,S3,S3,10,167,2
2024-05-11 18:18:02,2,2.16,0.08,0.0,7.72,0.44,up xrv6,Best effort,S1,S3,S3,10,167,2
2024-05-11 18:18:36,2,1.25,11.09,15.0,6.27,0.72,up xrv6,Best effort,S1,S3,S3,10,167,2
2024-05-11 18:19:02,2,1.47,10.31,0.0,7.39,0.85,up xrv6,Best effort,S1,S3,S3,10,167,2
2024-05-11 18:19:32,2,1.81,10.06,0.0,7.15,0.56,up xrv6,Best effort,S1,S3,S3,10,167,2
2024-05-11 18:19:58,2,1.54,13.47,0.0,6.93,1.06,up xrv6,Best effort,S1,S3,S3,10,167,2
2024-05-11 18:20:22,2,2.4,11.58,0.0,6.37,0.54,up xrv6,Best effort,S1,S3,S3,10,167,2
2024-05-11 18:20:48,2,1.5,14.71,0.0,7.24,0.72,up xrv6,Best effort,S1,S3,S3,10,167,2
2024-05-11 18:21:16,2,2.19,0.11,0.0,7.44,0.57,up xrv6,Best effort,S1,S3,S3,20,334,2
2024-05-11 18:21:46,2,1.85,0.07,0.0,7.15,0.48,up xrv6,Best effort,S1,S3,S3,20,334,2
2024-05-11 18:22:25,2,0.88,20.52,0.0,7.61,0.61,up xrv6,Best effort,S1,S3,S3,20,334,2
2024-05-11 18:22:53,2,2.35,19.92,2.5,7.28,0.56,up xrv6,Best effort,S1,S3,S3,20,334,2
2024-05-11 18:23:22,2,2.07,11.31,17.5,6.85,0.44,up xrv6,Best effort,S1,S3,S3,20,334,2
2024-05-11 18:23:46,2,2.73,20.3,2.5,6.62,1.08,up xrv6,Best effort,S1,S3,S3,20,334,2
2024-05-11 18:24:15,2,1.8,19.66,0.0,7.15,1.47,up xrv6,Best effort,S1,S3,S3,20,334,2
2024-05-11 18:24:39,2,3.01,19.63,0.0,6.48,1.13,up xrv6,Best effort,S1,S3,S3,20,334,2
2024-05-11 18:25:03,2,2.45,20.03,10.0,7.47,0.61,up xrv6,Best effort,S1,S3,S3,20,334,2
2024-05-11 18:25:29,2,1.46,21.12,0.0,6.63,0.66,up xrv6,Best effort,S1,S3,S3,20,334,2
2024-05-11 18:25:54,2,1.75,19.96,0.0,6.53,0.51,up xrv6,Best effort,S1,S3,S3,20,334,2
2024-05-11 18:26:25,2,1.66,20.46,5.0,5.75,0.55,up xrv6,Best effort,S1,S3,S3,20,334,2
2024-05-11 18:26:56,2,1.72,13.9,0.0,1018.86,0.8,up xrv6,Best effort,S1,S3,S3,20,334,2
2024-05-11 18:27:27,2,1.74,0.07,15.0,6.85,0.71,up xrv6,Best effort,S1,S3,S3,20,334,2
2024-05-11 18:27:51,2,2.94,19.9,17.5,6.92,0.61,up xrv6,Best effort,S1,S3,S3,20,334,2
2024-05-11 18:28:21,2,1.79,20.53,2.5,6.98,0.88,up xrv6,Best effort,S1,S3,S3,20,334,2
2024-05-11 18:28:58,2,0.99,20.82,0.0,6.99,0.43,up xrv6,Best effort,S1,S3,S3,20,334,2
2024-05-11 18:29:27,2,2.08,0.09,0.0,7.36,0.58,up xrv6,Best effort,S1,S3,S3,50,835,2
2024-05-11 18:30:41,2,0.3,41.9,0.0,6.3,1.59,up xrv6,Best effort,S1,S3,S3,50,835,2
2024-05-11 18:31:38,2,0.36,113.98,10.0,7.32,0.34,up xrv6,Best effort,S1,S3,S3,50,835,2
2024-05-11 18:32:02,2,2.72,53.98,7.5,6.35,0.89,up xrv6,Best effort,S1,S3,S3,50,835,2
2024-05-11 18:32:27,2,1.84,107.84,22.5,7.54,0.64,up xrv6,Best effort,S1,S3,S3,50,835,2
2024-05-11 18:33:02,2,0.63,55.21,17.5,11.24,0.75,up xrv6,Best effort,S1,S3,S3,50,835,2
2024-05-11 18:34:00,2,0.21,50.87,7.5,7.39,1.58,up xrv6,Best effort,S1,S3,S3,50,835,2
2024-05-11 18:34:34,2,1.31,43.85,20.0,7.44,0.58,up xrv6,Best effort,S1,S3,S3,50,835,2
2024-05-11 18:35:07,2,0.68,65.42,10.0,8.43,1.34,up xrv6,Best effort,S1,S3,S3,50,835,2
2024-05-11 18:36:40,2,0.11,60.87,2.5,7.83,1.02,up xrv6,Best effort,S1,S3,S3,50,835,2
2024-05-11 18:37:09,2,2.0,0.65,0.0,7.07,0.46,up xrv6,Best effort,S1,S3,S3,50,835,2
2024-05-11 18:37:38,2,1.18,40.15,20.0,1039.0,0.92,up xrv6,Best effort,S1,S3,S3,50,835,2
2024-05-11 18:38:08,2,1.99,0.37,17.5,7.59,0.66,up xrv6,Best effort,S1,S3,S3,50,835,2
2024-05-11 18:38:34,2,1.86,0.51,32.5,7.45,0.44,up xrv6,Best effort,S1,S3,S3,50,835,2
2024-05-11 18:39:05,2,1.55,0.07,0.0,7.64,0.76,up xrv6,Best effort,S1,S3,S3,50,835,2
2024-05-11 18:39:55,2,0.29,76.38,0.0,7.35,0.54,up xrv6,Best effort,S1,S3,S3,80,1336,2
2024-05-11 18:41:12,2,0.26,61.14,0.0,6.85,1.0,up xrv6,Best effort,S1,S3,S3,80,1336,2
2024-05-11 18:41:36,2,2.41,81.92,5.0,6.34,0.81,up xrv6,Best effort,S1,S3,S3,80,1336,2
2024-05-11 18:42:35,2,0.4,50.98,32.5,7.53,0.57,up xrv6,Best effort,S1,S3,S3,80,1336,2
2024-05-11 18:43:26,2,0.29,55.44,30.0,7.21,0.49,up xrv6,Best effort,S1,S3,S3,80,1336,2
2024-05-11 18:43:54,2,5.48,55.07,40.0,3051.58,0.67,up xrv6,Best effort,S1,S3,S3,80,1336,2
2024-05-11 18:45:04,2,0.23,23.6,15.0,7.61,0.3,up xrv6,Best effort,S1,S3,S3,80,1336,2
2024-05-11 18:46:01,2,0.42,76.48,2.5,7.17,0.61,up xrv6,Best effort,S1,S3,S3,80,1336,2
2024-05-11 18:47:29,2,0.25,98.03,40.0,7.31,1.28,up xrv6,Best effort,S1,S3,S3,80,1336,2
2024-05-11 18:48:05,2,0.72,58.43,7.5,3051.32,1.14,up xrv6,Best effort,S1,S3,S3,80,1336,2
2024-05-11 18:49:07,2,0.17,112.59,30.0,6.87,0.18,up xrv6,Best effort,S1,S3,S3,80,1336,2
2024-05-11 18:50:15,2,0.36,0.08,0.0,7.15,0.5,up xrv6,Best effort,S1,S3,S3,80,1336,2
2024-05-11 18:50:39,2,2.93,0.05,30.0,6.93,0.83,up xrv6,Best effort,S1,S3,S3,80,1336,2
2024-05-11 18:51:32,2,0.35,0.08,15.0,6.87,0.47,up xrv6,Best effort,S1,S3,S3,80,1336,2
2024-05-11 18:52:00,2,2.64,56.1,32.5,7.36,0.45,up xrv6,Best effort,S1,S3,S3,80,1336,2
2024-05-11 18:52:27,2,3.25,89.45,17.5,6.88,1.9,up xrv6,Best effort,S1,S3,S3,80,1336,2
2024-05-11 18:52:59,2,1.62,75.73,12.5,1013.89,1.04,up xrv6,Best effort,S1,S3,S3,80,1336,2
2024-05-11 18:53:37,2,1.69,44.84,15.0,7.23,0.54,up xrv6,Best effort,S1,S3,S3,80,1336,2
2024-05-11 18:54:00,2,2.72,0.07,0.0,7.27,0.31,up xrv6,Best effort,S1,S3,S3,80,1336,2
2024-05-11 18:59:49,2,2.75,0.07,0.0,7.9,0.53,up xrv6,Best effort,S1,S3,S3,80,1336,2
2024-05-11 19:00:16,2,3.22,111.69,17.5,7.81,1.14,up xrv6,Best effort,S1,S3,S3,80,1336,2
2024-05-11 19:00:39,2,5.32,0.1,0.0,7.72,0.53,up xrv6,Best effort,S1,S3,S3,20,334,2
2024-05-11 19:01:03,2,2.45,0.08,0.0,6.98,0.57,up xrv6,Best effort,S1,S3,S3,20,334,2
2024-05-11 19:01:31,2,1.16,19.86,0.0,6.63,0.74,up xrv6,Best effort,S1,S3,S3,20,334,2
2024-05-11 19:01:54,2,2.68,20.5,0.0,8.58,1.41,up xrv6,Best effort,S1,S3,S3,20,334,2
2024-05-11 19:02:24,2,0.94,20.38,0.0,7.53,0.8,up xrv6,Best effort,S1,S3,S3,20,334,2
2024-05-11 19:03:01,2,0.98,10.84,0.0,6.68,0.8,up xrv6,Best effort,S1,S3,S3,20,334,2
2024-05-11 19:03:25,2,2.95,19.68,0.0,7.6,0.76,up xrv6,Best effort,S1,S3,S3,20,334,2
2024-05-11 19:03:54,2,1.8,69.73,0.0,7.89,0.59,up xrv6,Best effort,S1,S3,S3,20,334,2
2024-05-11 19:04:20,2,1.64,20.47,0.0,7.5,0.68,up xrv6,Best effort,S1,S3,S3,20,334,2
2024-05-11 19:04:46,2,1.61,19.59,0.0,7.77,0.57,up xrv6,Best effort,S1,S3,S3,20,334,2
2024-05-11 19:05:16,2,1.74,20.39,15.0,7.06,0.5,up xrv6,Best effort,S1,S3,S3,20,334,2
2024-05-11 19:05:46,2,1.78,20.17,2.5,6.81,0.6,up xrv6,Best effort,S1,S3,S3,20,334,2
2024-05-11 19:06:11,2,1.89,20.04,10.0,7.12,0.59,up xrv6,Best effort,S1,S3,S3,20,334,2
2024-05-11 19:06:38,2,1.46,0.11,0.0,6.64,2.01,up xrv6,Best effort,S1,S3,S3,10,167,2
2024-05-11 20:12:04,2,2.63,0.06,0.0,10.64,0.5,"up xrv1,2,3",Redistribution,S1,S3,,0,0,0
2024-05-11 20:12:36,2,1.49,0.09,0.0,10.64,0.44,"up xrv1,2,3",Redistribution,S1,S3,,0,0,0
2024-05-11 20:13:03,2,2.48,0.06,0.0,10.16,0.77,"up xrv1,2,3",Redistribution,S1,S3,,0,0,0
2024-05-11 20:13:27,2,2.37,0.09,0.0,9.64,2.7,"up xrv1,2,3",Redistribution,S1,S3,,0,0,0
2024-05-11 20:13:57,2,1.9,0.05,15.0,10.73,7.25,"up xrv1,2,3",Redistribution,S1,S3,,0,0,0
2024-05-11 20:14:22,2,2.44,0.07,0.0,10.81,0.7,"up xrv1,2,3",Redistribution,S1,S3,,0,0,0
2024-05-11 20:14:50,2,2.2,0.06,0.0,11.12,0.72,"up xrv1,2,3",Redistribution,S1,S3,,0,0,0
2024-05-11 20:15:17,2,3.03,0.55,17.5,10.32,0.56,"up xrv1,2,3",Redistribution,S1,S3,,0,0,0
2024-05-11 20:15:45,2,2.09,0.06,0.0,10.45,0.67,"up xrv1,2,3",Redistribution,S1,S3,,0,0,0
2024-05-11 20:16:17,2,1.52,0.09,0.0,10.81,0.58,"up xrv1,2,3",Redistribution,S1,S3,,0,0,0
2024-05-11 20:16:41,2,2.62,0.56,0.0,10.45,0.5,"up xrv1,2,3",Redistribution,S1,S3,,0,0,0
2024-05-11 20:17:05,2,2.36,0.08,0.0,10.35,0.83,"up xrv1,2,3",Redistribution,S1,S3,,0,0,0
2024-05-11 20:17:29,2,2.37,0.07,0.0,11.69,0.55,"up xrv1,2,3",Redistribution,S1,S3,,0,0,0
2024-05-11 20:17:57,2,2.21,0.23,0.0,10.47,0.87,"up xrv1,2,3",Redistribution,S1,S3,,0,0,0
2024-05-11 20:18:26,2,1.99,0.06,0.0,10.66,1.13,"up xrv1,2,3",Redistribution,S1,S3,,0,0,0
2024-05-11 20:18:54,2,2.27,0.31,0.0,9.94,0.53,"up xrv1,2,3",Redistribution,S1,S3,,0,0,0
2024-05-11 20:19:22,2,2.27,0.1,0.0,10.77,0.79,"up xrv1,2,3",Redistribution,S1,S3,,0,0,0
2024-05-11 20:19:47,2,2.12,0.13,0.0,10.76,0.73,"up xrv1,2,3",Redistribution,S1,S3,,0,0,0
2024-05-11 20:20:11,2,2.68,0.06,0.0,10.43,0.55,"up xrv1,2,3",Redistribution,S1,S3,,0,0,0
2024-05-11 20:20:35,2,2.39,0.09,0.0,10.09,0.58,"up xrv1,2,3",Redistribution,S1,S3,,0,0,0
2024-05-11 20:21:03,2,2.26,0.06,0.0,10.43,0.75,"up xrv1,2,3",Redistribution,S1,S3,,0,0,0
2024-05-11 20:21:33,2,1.83,0.53,0.0,10.4,5.58,"up xrv1,2,3",Redistribution,S1,S3,,0,0,0
2024-05-11 20:21:57,2,2.09,0.07,0.0,10.72,0.88,"up xrv1,2,3",Redistribution,S1,S3,,0,0,0
2024-05-11 20:22:21,2,2.58,0.06,0.0,10.63,0.7,"up xrv1,2,3",Redistribution,S1,S3,,0,0,0
2024-05-11 20:22:45,2,2.63,0.08,0.0,10.2,4.19,"up xrv1,2,3",Redistribution,S1,S3,,0,0,0
2024-05-11 20:23:09,2,2.42,0.12,0.0,10.87,0.63,"up xrv1,2,3",Redistribution,S1,S3,,0,0,0
2024-05-11 20:23:33,2,2.45,0.09,0.0,10.25,1.36,"up xrv1,2,3",Redistribution,S1,S3,,0,0,0
2024-05-11 20:24:02,2,1.94,0.08,0.0,10.52,1.01,"up xrv1,2,3",Redistribution,S1,S3,,0,0,0
2024-05-11 20:24:26,2,2.67,0.1,0.0,10.01,0.55,"up xrv1,2,3",Redistribution,S1,S3,,0,0,0
2024-05-11 20:24:54,2,2.42,0.06,0.0,10.37,8.56,"up xrv1,2,3",Redistribution,S1,S3,,0,0,0
2024-05-11 20:25:18,2,2.42,0.09,0.0,10.3,0.74,"up xrv1,2,3",Redistribution,S1,S3,,0,0,0
2024-05-11 20:25:42,2,2.33,0.05,0.0,10.41,0.48,"up xrv1,2,3",Redistribution,S1,S3,,0,0,0
2024-05-11 20:26:06,2,2.37,0.14,0.0,11.16,0.82,"up xrv1,2,3",Redistribution,S1,S3,,0,0,0
2024-05-11 20:26:30,2,2.41,0.12,0.0,10.27,1.15,"up xrv1,2,3",Redistribution,S1,S3,,0,0,0
2024-05-11 20:27:02,2,1.52,0.03,0.0,9.93,0.67,"up xrv1,2,3",Redistribution,S1,S3,,0,0,0
2024-05-11 20:27:30,2,2.35,0.07,0.0,10.5,0.42,"up xrv1,2,3",Redistribution,S1,S3,,0,0,0
2024-05-11 20:27:58,2,2.27,0.06,0.0,10.46,0.7,"up xrv1,2,3",Redistribution,S1,S3,,0,0,0
2024-05-11 20:28:28,2,1.83,0.09,0.0,10.29,0.63,"up xrv1,2,3",Redistribution,S1,S3,,0,0,0
2024-05-11 20:28:56,2,2.03,0.12,0.0,10.02,0.86,"up xrv1,2,3",Redistribution,S1,S3,,0,0,0
2024-05-11 20:29:24,2,2.57,0.08,0.0,10.76,0.53,"up xrv1,2,3",Redistribution,S1,S3,,0,0,0
2024-05-11 20:29:52,2,2.12,0.03,0.0,10.1,0.57,"up xrv1,2,3",Redistribution,S1,S3,,0,0,0
2024-05-11 20:30:19,2,2.7,0.05,15.0,11.01,0.81,"up xrv1,2,3",Redistribution,S1,S3,,0,0,0
2024-05-11 20:30:50,2,1.69,0.07,0.0,10.15,0.39,"up xrv1,2,3",Redistribution,S1,S3,,0,0,0
2024-05-11 20:31:18,2,2.42,0.05,0.0,11.01,0.66,"up xrv1,2,3",Redistribution,S1,S3,,0,0,0
2024-05-11 20:31:46,2,2.08,0.06,0.0,9.99,1.36,"up xrv1,2,3",Redistribution,S1,S3,,0,0,0
2024-05-11 20:32:15,2,2.12,0.09,15.0,11.24,0.32,"up xrv1,2,3",Redistribution,S1,S3,,0,0,0
2024-05-11 20:32:43,2,2.28,0.07,0.0,10.41,0.63,"up xrv1,2,3",Redistribution,S1,S3,,0,0,0
2024-05-11 20:33:07,2,2.64,0.1,0.0,10.03,0.72,"up xrv1,2,3",Redistribution,S1,S3,,0,0,0
2024-05-11 20:33:36,2,2.14,0.12,0.0,10.76,0.94,"up xrv1,2,3",Redistribution,S1,S3,,0,0,0
2024-05-11 20:33:59,2,2.62,0.09,0.0,11.02,0.8,"up xrv1,2,3",Redistribution,S1,S3,,0,0,0
2024-05-11 20:34:23,2,2.57,0.09,0.0,10.13,0.36,"up xrv1,2,3",Redistribution,S1,S3,,0,0,0
2024-05-11 20:34:47,2,2.39,0.07,0.0,10.78,1.09,"up xrv1,2,3",Redistribution,S1,S3,,0,0,0
2024-05-11 20:35:12,2,2.37,0.07,0.0,11.41,0.56,"up xrv1,2,3",Redistribution,S1,S3,,0,0,0
2024-05-11 20:35:41,2,1.88,0.31,0.0,10.39,0.73,"up xrv1,2,3",Redistribution,S1,S3,,0,0,0
2024-05-11 20:36:10,2,1.95,0.11,0.0,15.12,2.82,"up xrv1,2,3",Redistribution,S1,S3,,0,0,0
2024-05-11 20:36:34,2,2.42,0.53,0.0,10.24,0.45,"up xrv1,2,3",Redistribution,S1,S3,,0,0,0
2024-05-11 20:37:03,2,2.25,0.06,0.0,10.33,1.4,"up xrv1,2,3",Redistribution,S1,S3,,0,0,0
2024-05-11 20:37:31,2,2.16,0.09,0.0,10.01,0.55,"up xrv1,2,3",Redistribution,S1,S3,,0,0,0
2024-05-11 20:37:55,2,2.63,0.05,0.0,10.61,0.63,"up xrv1,2,3",Redistribution,S1,S3,,0,0,0
2024-05-11 20:38:19,2,2.34,0.12,0.0,10.32,0.49,"up xrv1,2,3",Redistribution,S1,S3,,0,0,0
2024-05-11 20:38:47,2,2.29,0.08,0.0,10.61,0.8,"up xrv1,2,3",Redistribution,S1,S3,,0,0,0
2024-05-11 20:39:15,2,2.12,0.33,0.0,10.33,0.35,"up xrv1,2,3",Redistribution,S1,S3,,0,0,0
2024-05-11 20:39:39,2,2.59,0.07,0.0,10.44,0.68,"up xrv1,2,3",Redistribution,S1,S3,,0,0,0
2024-05-11 20:40:03,2,2.61,0.07,0.0,11.53,0.42,"up xrv1,2,3",Redistribution,S1,S3,,0,0,0
2024-05-11 20:40:29,2,3.19,0.07,0.0,10.4,0.88,"up xrv1,2,3",Redistribution,S1,S3,,0,0,0
2024-05-11 20:40:59,2,1.85,0.07,0.0,10.91,0.69,"up xrv1,2,3",Redistribution,S1,S3,,0,0,0
2024-05-11 20:41:23,2,2.41,0.07,0.0,10.7,0.94,"up xrv1,2,3",Redistribution,S1,S3,,0,0,0
2024-05-11 20:41:51,2,2.32,0.03,0.0,10.99,0.48,"up xrv1,2,3",Redistribution,S1,S3,,0,0,0
2024-05-11 20:42:15,2,2.33,0.53,0.0,10.78,0.38,"up xrv1,2,3",Redistribution,S1,S3,,0,0,0
2024-05-11 20:42:45,2,1.8,0.12,0.0,10.46,0.72,"up xrv1,2,3",Redistribution,S1,S3,,0,0,0
2024-05-11 20:43:13,2,2.17,0.08,0.0,10.4,0.43,"up xrv1,2,3",Redistribution,S1,S3,,0,0,0
2024-05-11 20:43:42,2,2.11,0.09,0.0,10.76,0.88,"up xrv1,2,3",Redistribution,S1,S3,,0,0,0
2024-05-11 20:44:10,2,2.19,0.06,0.0,10.39,3.33,"up xrv1,2,3",Redistribution,S1,S3,,0,0,0
2024-05-11 20:44:39,2,1.98,0.09,0.0,9.97,0.37,"up xrv1,2,3",Redistribution,S1,S3,,0,0,0
2024-05-11 20:45:09,2,1.8,0.07,0.0,10.18,0.8,"up xrv1,2,3",Redistribution,S1,S3,,0,0,0
2024-05-11 20:45:38,2,1.92,0.12,0.0,10.32,1.09,"up xrv1,2,3",Redistribution,S1,S3,,0,0,0
2024-05-11 20:46:03,2,2.35,0.07,0.0,10.62,0.76,"up xrv1,2,3",Redistribution,S1,S3,,0,0,0
2024-05-11 20:46:27,2,2.32,0.13,0.0,10.54,0.96,"up xrv1,2,3",Redistribution,S1,S3,,0,0,0
2024-05-11 20:46:56,2,1.91,0.06,0.0,10.48,1.43,"up xrv1,2,3",Redistribution,S1,S3,,0,0,0
2024-05-11 20:47:24,2,2.25,0.07,0.0,10.77,4.2,"up xrv1,2,3",Redistribution,S1,S3,,0,0,0
2024-05-11 20:47:48,2,2.41,0.14,0.0,10.43,1.46,"up xrv1,2,3",Redistribution,S1,S3,,0,0,0
2024-05-11 20:48:16,2,2.38,0.06,0.0,10.87,0.56,"up xrv1,2,3",Redistribution,S1,S3,,0,0,0
2024-05-11 20:48:44,2,2.67,0.05,17.5,10.47,0.25,"up xrv1,2,3",Redistribution,S1,S3,,0,0,0
2024-05-11 20:49:13,2,1.91,0.08,0.0,10.84,0.75,"up xrv1,2,3",Redistribution,S1,S3,,0,0,0
2024-05-11 20:49:42,2,2.07,0.07,0.0,10.16,0.59,"up xrv1,2,3",Redistribution,S1,S3,,0,0,0
2024-05-11 20:50:14,2,1.58,0.2,15.0,9.78,0.61,"up xrv1,2,3",Redistribution,S1,S3,,0,0,0
2024-05-11 20:50:41,2,2.56,0.05,0.0,11.06,0.65,"up xrv1,2,3",Redistribution,S1,S3,,0,0,0
2024-05-11 20:51:08,2,2.47,0.31,0.0,9.91,0.85,"up xrv1,2,3",Redistribution,S1,S3,,0,0,0
2024-05-11 20:51:35,2,2.64,0.05,5.0,10.08,1.07,"up xrv1,2,3",Redistribution,S1,S3,,0,0,0
2024-05-11 20:52:02,2,2.58,0.09,0.0,10.78,1.55,"up xrv1,2,3",Redistribution,S1,S3,,0,0,0
2024-05-11 20:52:26,2,2.69,0.54,0.0,10.5,0.42,"up xrv1,2,3",Redistribution,S1,S3,,0,0,0
2024-05-11 20:52:57,2,1.69,0.08,0.0,11.1,0.59,"up xrv1,2,3",Redistribution,S1,S3,,0,0,0
2024-05-11 20:53:25,2,2.24,0.08,0.0,10.59,0.55,"up xrv1,2,3",Redistribution,S1,S3,,0,0,0
2024-05-11 20:53:56,2,1.65,0.07,0.0,11.02,0.51,"up xrv1,2,3",Redistribution,S1,S3,,0,0,0
2024-05-11 20:54:23,2,2.73,0.07,17.5,11.68,0.84,"up xrv1,2,3",Redistribution,S1,S3,,0,0,0
2024-05-11 20:54:51,2,2.13,0.03,0.0,10.8,0.42,"up xrv1,2,3",Redistribution,S1,S3,,0,0,0
2024-05-11 20:55:16,2,2.37,0.07,0.0,10.33,0.81,"up xrv1,2,3",Redistribution,S1,S3,,0,0,0
2024-05-11 20:55:40,2,2.39,0.07,0.0,9.83,0.89,"up xrv1,2,3",Redistribution,S1,S3,,0,0,0
2024-05-11 20:56:09,2,2.04,0.54,0.0,10.47,6.71,"up xrv1,2,3",Redistribution,S1,S3,,0,0,0
2024-05-11 20:56:37,2,2.1,0.12,0.0,10.6,0.41,"up xrv1,2,3",Redistribution,S1,S3,,0,0,0
2024-05-11 19:13:38,2,2.02,0.07,0.0,10.77,0.53,"up xrv1,2,3",Redistribution,S1,S3,S3,0,0,1
2024-05-11 19:14:08,2,1.85,0.29,0.0,10.25,0.61,"up xrv1,2,3",Redistribution,S1,S3,S3,0,0,1
2024-05-11 19:14:36,2,2.13,0.09,0.0,10.62,0.71,"up xrv1,2,3",Redistribution,S1,S3,S3,0,0,1
2024-05-11 19:15:04,2,2.25,0.3,0.0,10.58,0.39,"up xrv1,2,3",Redistribution,S1,S3,S3,0,0,1
2024-05-11 19:15:34,2,1.83,0.08,0.0,10.08,0.5,"up xrv1,2,3",Redistribution,S1,S3,S3,0,0,1
2024-05-11 19:16:02,2,2.28,0.07,0.0,10.46,0.49,"up xrv1,2,3",Redistribution,S1,S3,S3,0,0,1
2024-05-11 19:16:26,2,2.36,0.08,0.0,12.4,0.64,"up xrv1,2,3",Redistribution,S1,S3,S3,0,0,1
2024-05-11 19:16:56,2,1.91,0.11,15.0,10.56,0.97,"up xrv1,2,3",Redistribution,S1,S3,S3,0,0,1
2024-05-11 19:17:24,2,2.48,0.06,0.0,10.45,0.43,"up xrv1,2,3",Redistribution,S1,S3,S3,0,0,1
2024-05-11 19:17:52,2,2.28,0.1,0.0,10.73,0.34,"up xrv1,2,3",Redistribution,S1,S3,S3,0,0,1
2024-05-11 19:18:19,2,2.44,0.07,0.0,10.3,0.56,"up xrv1,2,3",Redistribution,S1,S3,S3,0,0,1
2024-05-11 19:18:43,2,2.58,0.06,0.0,10.31,1.96,"up xrv1,2,3",Redistribution,S1,S3,S3,0,0,1
2024-05-11 19:19:15,2,1.53,16.06,0.0,12.51,1.21,"up xrv1,2,3",Redistribution,S1,S3,S3,10,167,1
2024-05-11 19:19:44,2,1.83,14.38,0.0,10.45,1.1,"up xrv1,2,3",Redistribution,S1,S3,S3,10,167,1
2024-05-11 19:20:13,2,2.13,16.11,0.0,11.32,0.62,"up xrv1,2,3",Redistribution,S1,S3,S3,10,167,1
2024-05-11 19:20:43,2,1.83,2.84,0.0,10.49,0.81,"up xrv1,2,3",Redistribution,S1,S3,S3,10,167,1
2024-05-11 19:21:12,2,1.95,4.31,0.0,10.18,0.73,"up xrv1,2,3",Redistribution,S1,S3,S3,10,167,1
2024-05-11 19:21:43,2,1.65,10.74,0.0,10.41,0.82,"up xrv1,2,3",Redistribution,S1,S3,S3,10,167,1
2024-05-11 19:22:13,2,1.77,12.47,10.0,10.87,0.7,"up xrv1,2,3",Redistribution,S1,S3,S3,10,167,1
2024-05-11 19:22:41,2,2.51,6.98,0.0,9.49,1.0,"up xrv1,2,3",Redistribution,S1,S3,S3,10,167,1
2024-05-11 19:23:04,2,6.57,13.92,17.5,10.01,1.45,"up xrv1,2,3",Redistribution,S1,S3,S3,10,167,1
2024-05-11 19:23:31,2,2.89,9.65,0.0,10.58,0.93,"up xrv1,2,3",Redistribution,S1,S3,S3,10,167,1
2024-05-11 19:23:55,2,2.32,9.86,7.5,11.32,1.68,"up xrv1,2,3",Redistribution,S1,S3,S3,10,167,1
2024-05-11 19:24:22,2,1.44,14.27,0.0,10.26,1.15,"up xrv1,2,3",Redistribution,S1,S3,S3,10,167,1
2024-05-11 19:24:47,2,3.62,15.15,0.0,10.12,1.38,"up xrv1,2,3",Redistribution,S1,S3,S3,10,167,1
2024-05-11 19:25:13,2,1.63,12.91,0.0,9.84,1.27,"up xrv1,2,3",Redistribution,S1,S3,S3,10,167,1
2024-05-11 19:25:38,2,3.76,14.23,0.0,9.87,0.68,"up xrv1,2,3",Redistribution,S1,S3,S3,10,167,1
2024-05-11 19:26:06,2,2.24,11.29,0.0,9.93,0.63,"up xrv1,2,3",Redistribution,S1,S3,S3,10,167,1
2024-05-11 19:26:34,2,2.11,8.99,0.0,10.13,0.39,"up xrv1,2,3",Redistribution,S1,S3,S3,10,167,1
2024-05-11 19:26:59,2,2.34,16.01,0.0,9.19,0.91,"up xrv1,2,3",Redistribution,S1,S3,S3,10,167,1
2024-05-11 19:27:22,2,2.6,10.94,0.0,10.67,1.23,"up xrv1,2,3",Redistribution,S1,S3,S3,10,167,1
2024-05-11 19:27:52,2,1.98,19.93,15.0,11.33,0.9,"up xrv1,2,3",Redistribution,S1,S3,S3,20,334,1
2024-05-11 19:28:17,2,4.72,35.55,17.5,10.1,1.42,"up xrv1,2,3",Redistribution,S1,S3,S3,20,334,1
2024-05-11 19:28:44,2,2.66,19.68,0.0,8.91,0.63,"up xrv1,2,3",Redistribution,S1,S3,S3,20,334,1
2024-05-11 19:29:10,2,1.62,20.47,0.0,10.09,10.8,"up xrv1,2,3",Redistribution,S1,S3,S3,20,334,1
2024-05-11 19:29:42,2,1.38,19.68,0.0,8.28,1.05,"up xrv1,2,3",Redistribution,S1,S3,S3,20,334,1
2024-05-11 19:30:14,2,1.67,19.87,15.0,8.99,0.96,"up xrv1,2,3",Redistribution,S1,S3,S3,20,334,1
2024-05-11 19:30:45,2,1.6,9.75,0.0,10.73,0.8,"up xrv1,2,3",Redistribution,S1,S3,S3,20,334,1
2024-05-11 19:31:12,2,2.46,20.3,2.5,9.8,0.55,"up xrv1,2,3",Redistribution,S1,S3,S3,20,334,1
2024-05-11 19:31:36,2,5.2,19.52,0.0,9.65,0.59,"up xrv1,2,3",Redistribution,S1,S3,S3,20,334,1
2024-05-11 19:32:01,2,2.35,19.63,15.0,9.53,0.87,"up xrv1,2,3",Redistribution,S1,S3,S3,20,334,1
2024-05-11 19:32:24,2,6.93,21.01,0.0,9.84,1.07,"up xrv1,2,3",Redistribution,S1,S3,S3,20,334,1
2024-05-11 19:32:48,2,2.61,20.64,0.0,10.27,1.19,"up xrv1,2,3",Redistribution,S1,S3,S3,20,334,1
2024-05-11 19:33:13,2,1.68,20.44,0.0,10.76,0.97,"up xrv1,2,3",Redistribution,S1,S3,S3,20,334,1
2024-05-11 19:33:39,2,3.25,10.7,5.0,9.81,0.58,"up xrv1,2,3",Redistribution,S1,S3,S3,20,334,1
2024-05-11 19:34:03,2,2.91,19.54,0.0,9.62,0.95,"up xrv1,2,3",Redistribution,S1,S3,S3,20,334,1
2024-05-11 19:34:28,2,1.66,20.13,0.0,9.99,0.75,"up xrv1,2,3",Redistribution,S1,S3,S3,20,334,1
2024-05-11 19:34:54,2,1.48,19.59,0.0,9.89,0.92,"up xrv1,2,3",Redistribution,S1,S3,S3,20,334,1
2024-05-11 19:35:23,2,3.24,56.67,0.0,10.24,1.15,"up xrv1,2,3",Redistribution,S1,S3,S3,50,835,1
2024-05-11 19:35:50,2,2.69,20.49,0.0,9.05,1.1,"up xrv1,2,3",Redistribution,S1,S3,S3,50,835,1
2024-05-11 19:36:18,2,2.25,9.77,0.0,9.47,0.82,"up xrv1,2,3",Redistribution,S1,S3,S3,50,835,1
2024-05-11 19:36:54,2,1.07,45.72,0.0,10.2,0.94,"up xrv1,2,3",Redistribution,S1,S3,S3,50,835,1
2024-05-11 19:37:21,2,3.36,50.82,25.0,10.81,1.34,"up xrv1,2,3",Redistribution,S1,S3,S3,50,835,1
2024-05-11 19:37:57,2,1.13,34.47,7.5,11.76,1.14,"up xrv1,2,3",Redistribution,S1,S3,S3,50,835,1
2024-05-11 19:38:26,2,1.91,43.01,0.0,11.23,0.47,"up xrv1,2,3",Redistribution,S1,S3,S3,50,835,1
2024-05-11 19:39:08,2,0.79,50.71,0.0,10.64,0.9,"up xrv1,2,3",Redistribution,S1,S3,S3,50,835,1
2024-05-11 19:39:49,2,0.83,36.43,7.5,9.81,1.14,"up xrv1,2,3",Redistribution,S1,S3,S3,50,835,1
2024-05-11 19:40:19,2,1.92,56.81,0.0,11.98,0.76,"up xrv1,2,3",Redistribution,S1,S3,S3,50,835,1
2024-05-11 19:40:44,2,4.9,54.13,22.5,10.34,0.68,"up xrv1,2,3",Redistribution,S1,S3,S3,50,835,1
2024-05-11 19:41:17,2,0.68,42.8,7.5,9.99,0.59,"up xrv1,2,3",Redistribution,S1,S3,S3,50,835,1
2024-05-11 19:42:02,2,0.71,56.32,10.0,10.97,0.94,"up xrv1,2,3",Redistribution,S1,S3,S3,50,835,1
2024-05-11 19:42:28,2,1.8,43.18,17.5,9.88,0.94,"up xrv1,2,3",Redistribution,S1,S3,S3,50,835,1
2024-05-11 19:43:02,2,1.24,47.71,12.5,12.37,1.47,"up xrv1,2,3",Redistribution,S1,S3,S3,50,835,1
2024-05-11 19:43:47,2,0.69,42.93,0.0,8.95,0.94,"up xrv1,2,3",Redistribution,S1,S3,S3,50,835,1
2024-05-11 19:44:18,2,1.96,69.62,15.0,1031.94,1.0,"up xrv1,2,3",Redistribution,S1,S3,S3,80,1336,1
2024-05-11 19:44:45,2,1.33,87.22,0.0,9.88,1.39,"up xrv1,2,3",Redistribution,S1,S3,S3,80,1336,1
2024-05-11 19:45:37,2,0.23,80.15,0.0,10.73,0.8,"up xrv1,2,3",Redistribution,S1,S3,S3,80,1336,1
2024-05-11 19:46:03,2,1.53,115.18,20.0,11.11,0.69,"up xrv1,2,3",Redistribution,S1,S3,S3,80,1336,1
2024-05-11 19:46:47,2,0.73,80.66,0.0,12.83,0.77,"up xrv1,2,3",Redistribution,S1,S3,S3,80,1336,1
2024-05-11 19:47:52,2,0.19,85.17,12.5,12.03,1.07,"up xrv1,2,3",Redistribution,S1,S3,S3,80,1336,1
2024-05-11 19:48:24,2,0.87,116.31,20.0,11.17,0.61,"up xrv1,2,3",Redistribution,S1,S3,S3,80,1336,1
2024-05-11 19:48:53,2,1.04,81.77,15.0,10.08,0.92,"up xrv1,2,3",Redistribution,S1,S3,S3,80,1336,1
2024-05-11 19:49:26,2,0.82,79.66,45.0,10.32,1.11,"up xrv1,2,3",Redistribution,S1,S3,S3,80,1336,1
2024-05-11 19:50:00,2,0.65,57.33,22.5,10.6,1.95,"up xrv1,2,3",Redistribution,S1,S3,S3,80,1336,1
2024-05-11 19:50:58,2,0.2,73.79,0.0,9.61,1.11,"up xrv1,2,3",Redistribution,S1,S3,S3,80,1336,1
2024-05-11 19:52:09,2,0.33,72.63,20.0,11.64,0.44,"up xrv1,2,3",Redistribution,S1,S3,S3,80,1336,1
2024-05-11 19:52:54,2,0.34,80.92,0.0,10.81,1.42,"up xrv1,2,3",Redistribution,S1,S3,S3,80,1336,1
2024-05-11 19:53:26,2,0.88,54.4,40.0,10.61,1.29,"up xrv1,2,3",Redistribution,S1,S3,S3,80,1336,1
2024-05-11 19:53:54,2,2.22,0.1,0.0,11.17,0.55,"up xrv1,2,3",Redistribution,S1,S3,S3,80,1336,1
2024-05-11 19:55:08,2,0.18,81.33,0.0,11.9,1.74,"up xrv1,2,3",Redistribution,S1,S3,S3,80,1336,1
2024-05-11 19:55:34,2,3.1,70.58,0.0,10.44,1.52,"up xrv1,2,3",Redistribution,S1,S3,S3,80,1336,1
2024-05-11 19:56:16,2,0.41,82.07,15.0,10.45,1.72,"up xrv1,2,3",Redistribution,S1,S3,S3,80,1336,1
2024-05-11 19:57:36,2,0.28,84.22,0.0,10.23,0.66,"up xrv1,2,3",Redistribution,S1,S3,S3,80,1336,1
2024-05-11 19:58:04,2,1.29,70.86,25.0,10.16,1.78,"up xrv1,2,3",Redistribution,S1,S3,S3,80,1336,1
2024-05-11 19:58:54,2,0.63,22.86,42.5,1043.7,1.09,"up xrv1,2,3",Redistribution,S1,S3,S3,100,1670,1
2024-05-11 20:00:07,2,0.17,110.18,2.5,9.72,2.58,"up xrv1,2,3",Redistribution,S1,S3,S3,100,1670,1
2024-05-11 20:00:33,2,1.76,88.1,0.0,10.85,2.07,"up xrv1,2,3",Redistribution,S1,S3,S3,100,1670,1
2024-05-11 20:01:09,2,1.11,113.3,12.5,10.06,1.56,"up xrv1,2,3",Redistribution,S1,S3,S3,100,1670,1
2024-05-11 20:01:41,2,0.78,115.37,20.0,10.0,1.47,"up xrv1,2,3",Redistribution,S1,S3,S3,100,1670,1
2024-05-11 20:02:12,2,1.67,112.97,0.0,10.79,1.28,"up xrv1,2,3",Redistribution,S1,S3,S3,100,1670,1
2024-05-11 20:02:40,2,2.61,0.09,17.5,9.97,0.96,"up xrv1,2,3",Redistribution,S1,S3,S3,100,1670,1
2024-05-11 20:03:09,2,1.32,109.62,37.5,1026.5,0.48,"up xrv1,2,3",Redistribution,S1,S3,S3,100,1670,1
2024-05-11 20:03:41,2,1.95,109.26,52.5,1015.83,1.08,"up xrv1,2,3",Redistribution,S1,S3,S3,100,1670,1
2024-05-11 20:04:27,2,0.35,87.77,15.0,10.55,1.42,"up xrv1,2,3",Redistribution,S1,S3,S3,100,1670,1
2024-05-11 20:05:27,2,0.36,30.38,5.0,13.76,0.76,"up xrv1,2,3",Redistribution,S1,S3,S3,100,1670,1
2024-05-11 20:06:19,2,0.16,0.07,0.0,10.78,0.57,"up xrv1,2,3",Redistribution,S1,S3,S3,100,1670,1
2024-05-11 20:07:19,2,0.16,90.86,12.5,12.51,0.84,"up xrv1,2,3",Redistribution,S1,S3,S3,100,1670,1
2024-05-11 20:08:19,2,0.43,99.03,2.5,10.16,0.65,"up xrv1,2,3",Redistribution,S1,S3,S3,100,1670,1
2024-05-11 20:08:48,2,1.18,110.45,15.0,10.45,0.87,"up xrv1,2,3",Redistribution,S1,S3,S3,100,1670,1
2024-05-11 20:09:27,2,1.12,56.33,45.0,1024.04,1.05,"up xrv1,2,3",Redistribution,S1,S3,S3,100,1670,1
2024-05-11 21:32:48,2,1.49,0.15,15.0,10.5,1.13,"up xrv1,2,3",Redistribution,S1,S3,S3,0,0,2
2024-05-11 21:33:12,2,2.79,0.6,0.0,9.97,0.36,"up xrv1,2,3",Redistribution,S1,S3,S3,0,0,2
2024-05-11 21:33:42,2,1.76,0.14,0.0,11.24,0.68,"up xrv1,2,3",Redistribution,S1,S3,S3,0,0,2
2024-05-11 21:34:10,2,2.51,0.05,0.0,10.39,0.33,"up xrv1,2,3",Redistribution,S1,S3,S3,0,0,2
2024-05-11 21:34:34,2,2.39,0.07,0.0,10.39,0.84,"up xrv1,2,3",Redistribution,S1,S3,S3,0,0,2
2024-05-11 21:34:58,2,2.36,0.11,0.0,10.25,0.44,"up xrv1,2,3",Redistribution,S1,S3,S3,0,0,2
2024-05-11 21:35:22,2,2.37,0.55,0.0,10.34,0.59,"up xrv1,2,3",Redistribution,S1,S3,S3,0,0,2
2024-05-11 21:35:51,2,1.93,11.32,0.0,9.55,0.54,"up xrv1,2,3",Redistribution,S1,S3,S3,10,167,2
2024-05-11 21:36:15,2,2.57,9.89,0.0,10.27,0.79,"up xrv1,2,3",Redistribution,S1,S3,S3,10,167,2
2024-05-11 21:36:42,2,2.54,11.4,0.0,9.49,1.08,"up xrv1,2,3",Redistribution,S1,S3,S3,10,167,2
2024-05-11 21:37:06,2,5.09,15.03,0.0,10.31,1.95,"up xrv1,2,3",Redistribution,S1,S3,S3,10,167,2
2024-05-11 21:37:32,2,3.32,12.98,12.5,9.88,0.87,"up xrv1,2,3",Redistribution,S1,S3,S3,10,167,2
2024-05-11 21:38:02,2,1.98,0.07,0.0,10.85,0.64,"up xrv1,2,3",Redistribution,S1,S3,S3,10,167,2
2024-05-11 21:38:35,2,1.31,11.55,0.0,9.73,0.77,"up xrv1,2,3",Redistribution,S1,S3,S3,10,167,2
2024-05-11 21:39:04,2,1.96,11.93,0.0,10.45,0.79,"up xrv1,2,3",Redistribution,S1,S3,S3,10,167,2
2024-05-11 21:39:33,2,2.12,10.88,0.0,10.75,1.35,"up xrv1,2,3",Redistribution,S1,S3,S3,10,167,2
2024-05-11 21:39:59,2,3.28,6.59,17.5,10.6,0.54,"up xrv1,2,3",Redistribution,S1,S3,S3,10,167,2
2024-05-11 21:40:23,2,2.85,11.47,0.0,10.19,0.66,"up xrv1,2,3",Redistribution,S1,S3,S3,10,167,2
2024-05-11 21:40:48,2,2.05,11.16,7.5,10.92,0.88,"up xrv1,2,3",Redistribution,S1,S3,S3,10,167,2
2024-05-11 21:41:14,2,1.46,12.59,0.0,9.78,0.63,"up xrv1,2,3",Redistribution,S1,S3,S3,10,167,2
2024-05-11 21:41:42,2,2.11,13.02,0.0,11.58,1.37,"up xrv1,2,3",Redistribution,S1,S3,S3,10,167,2
2024-05-11 21:42:06,2,2.97,14.11,7.5,9.93,0.48,"up xrv1,2,3",Redistribution,S1,S3,S3,10,167,2
2024-05-11 21:42:35,2,2.02,12.78,0.0,9.24,0.41,"up xrv1,2,3",Redistribution,S1,S3,S3,10,167,2
2024-05-11 21:43:02,2,2.88,15.61,7.5,10.16,0.94,"up xrv1,2,3",Redistribution,S1,S3,S3,10,167,2
2024-05-11 21:43:30,2,2.29,16.28,0.0,10.43,0.58,"up xrv1,2,3",Redistribution,S1,S3,S3,10,167,2
2024-05-11 21:43:55,2,2.01,4.63,0.0,10.15,0.63,"up xrv1,2,3",Redistribution,S1,S3,S3,10,167,2
2024-05-11 21:44:26,2,1.63,11.11,5.0,10.9,0.54,"up xrv1,2,3",Redistribution,S1,S3,S3,10,167,2
2024-05-11 21:44:56,2,1.64,14.38,0.0,8.91,1.06,"up xrv1,2,3",Redistribution,S1,S3,S3,10,167,2
2024-05-11 21:45:23,2,1.42,6.15,0.0,10.27,0.75,"up xrv1,2,3",Redistribution,S1,S3,S3,10,167,2
2024-05-11 21:45:53,2,2.68,10.59,5.0,10.84,0.84,"up xrv1,2,3",Redistribution,S1,S3,S3,10,167,2
2024-05-11 21:46:26,2,1.38,13.87,15.0,9.84,0.5,"up xrv1,2,3",Redistribution,S1,S3,S3,10,167,2
2024-05-11 21:46:56,2,1.81,14.41,0.0,10.27,0.85,"up xrv1,2,3",Redistribution,S1,S3,S3,10,167,2
2024-05-11 21:47:20,2,2.58,5.02,0.0,11.12,1.33,"up xrv1,2,3",Redistribution,S1,S3,S3,10,167,2
2024-05-11 21:47:46,2,1.76,18.07,0.0,10.38,0.71,"up xrv1,2,3",Redistribution,S1,S3,S3,10,167,2
2024-05-11 21:48:15,2,1.85,13.81,0.0,10.51,1.03,"up xrv1,2,3",Redistribution,S1,S3,S3,10,167,2
2024-05-11 21:48:42,2,1.39,5.2,0.0,15.55,0.77,"up xrv1,2,3",Redistribution,S1,S3,S3,10,167,2
2024-05-11 21:49:10,2,2.19,0.05,0.0,11.79,0.48,"up xrv1,2,3",Redistribution,S1,S3,S3,10,167,2
2024-05-11 21:49:37,2,2.73,20.94,7.5,9.62,0.32,"up xrv1,2,3",Redistribution,S1,S3,S3,20,334,2
2024-05-11 21:50:11,2,1.4,19.69,2.5,1037.03,1.17,"up xrv1,2,3",Redistribution,S1,S3,S3,20,334,2
2024-05-11 21:50:42,2,1.72,20.69,7.5,9.98,0.96,"up xrv1,2,3",Redistribution,S1,S3,S3,20,334,2
2024-05-11 21:51:06,2,2.38,20.14,0.0,9.1,0.84,"up xrv1,2,3",Redistribution,S1,S3,S3,20,334,2
2024-05-11 21:51:34,2,2.28,21.07,0.0,10.61,1.16,"up xrv1,2,3",Redistribution,S1,S3,S3,20,334,2
2024-05-11 21:52:08,2,1.24,20.4,2.5,8.66,0.9,"up xrv1,2,3",Redistribution,S1,S3,S3,20,334,2
2024-05-11 21:52:32,2,5.27,20.47,2.5,9.43,0.9,"up xrv1,2,3",Redistribution,S1,S3,S3,20,334,2
2024-05-11 21:53:05,2,1.37,20.96,0.0,9.66,1.13,"up xrv1,2,3",Redistribution,S1,S3,S3,20,334,2
2024-05-11 21:53:31,2,1.51,20.72,0.0,10.21,1.57,"up xrv1,2,3",Redistribution,S1,S3,S3,20,334,2
2024-05-11 21:53:57,2,1.74,20.61,5.0,9.79,1.07,"up xrv1,2,3",Redistribution,S1,S3,S3,20,334,2
2024-05-11 21:54:29,2,1.46,20.06,12.5,9.56,1.91,"up xrv1,2,3",Redistribution,S1,S3,S3,20,334,2
2024-05-11 21:55:00,2,1.66,19.89,5.0,9.98,0.68,"up xrv1,2,3",Redistribution,S1,S3,S3,20,334,2
2024-05-11 21:55:30,2,1.88,20.02,0.0,10.32,0.95,"up xrv1,2,3",Redistribution,S1,S3,S3,20,334,2
2024-05-11 21:55:55,2,1.73,14.03,0.0,10.24,0.82,"up xrv1,2,3",Redistribution,S1,S3,S3,20,334,2
2024-05-11 21:56:19,2,2.37,19.78,10.0,10.31,0.72,"up xrv1,2,3",Redistribution,S1,S3,S3,20,334,2
2024-05-11 21:56:43,2,2.65,20.47,0.0,10.13,1.0,"up xrv1,2,3",Redistribution,S1,S3,S3,20,334,2
2024-05-11 21:57:14,2,1.73,19.66,10.0,10.3,0.48,"up xrv1,2,3",Redistribution,S1,S3,S3,20,334,2
2024-05-11 21:57:55,2,0.83,20.55,0.0,9.76,1.32,"up xrv1,2,3",Redistribution,S1,S3,S3,20,334,2
2024-05-11 21:58:21,2,3.37,17.18,10.0,11.45,0.61,"up xrv1,2,3",Redistribution,S1,S3,S3,20,334,2
2024-05-11 21:58:53,2,1.45,20.75,0.0,10.49,0.92,"up xrv1,2,3",Redistribution,S1,S3,S3,20,334,2
2024-05-11 21:59:23,2,1.8,20.5,0.0,10.24,0.67,"up xrv1,2,3",Redistribution,S1,S3,S3,20,334,2
2024-05-11 21:59:49,2,1.47,10.3,0.0,8.66,0.89,"up xrv1,2,3",Redistribution,S1,S3,S3,20,334,2
2024-05-11 22:00:15,2,1.67,19.79,10.0,12.29,1.15,"up xrv1,2,3",Redistribution,S1,S3,S3,20,334,2
2024-05-11 22:00:39,2,2.39,20.4,0.0,10.58,3.43,"up xrv1,2,3",Redistribution,S1,S3,S3,20,334,2
2024-05-11 22:01:12,2,1.43,7.18,0.0,9.88,1.56,"up xrv1,2,3",Redistribution,S1,S3,S3,50,835,2
2024-05-11 22:01:36,2,2.35,1.33,0.0,10.53,0.7,"up xrv1,2,3",Redistribution,S1,S3,S3,50,835,2
2024-05-11 22:02:09,2,0.7,100.03,10.0,10.63,1.77,"up xrv1,2,3",Redistribution,S1,S3,S3,50,835,2
2024-05-11 22:02:48,2,0.48,40.89,12.5,10.14,0.74,"up xrv1,2,3",Redistribution,S1,S3,S3,50,835,2
2024-05-11 22:03:59,2,0.16,46.17,0.0,10.26,1.01,"up xrv1,2,3",Redistribution,S1,S3,S3,50,835,2
2024-05-11 22:04:52,2,0.26,63.21,27.500000000000004,9.86,1.33,"up xrv1,2,3",Redistribution,S1,S3,S3,50,835,2
2024-05-11 22:06:17,2,0.16,31.8,0.0,10.39,1.72,"up xrv1,2,3",Redistribution,S1,S3,S3,50,835,2
2024-05-11 22:07:07,2,0.28,50.62,0.0,9.73,0.95,"up xrv1,2,3",Redistribution,S1,S3,S3,50,835,2
2024-05-11 22:08:53,2,0.16,19.27,10.0,10.04,1.24,"up xrv1,2,3",Redistribution,S1,S3,S3,50,835,2
2024-05-11 22:09:24,2,0.96,6.46,45.0,9.81,1.04,"up xrv1,2,3",Redistribution,S1,S3,S3,50,835,2
2024-05-11 22:11:23,2,0.16,64.29,7.5,1043.53,0.36,"up xrv1,2,3",Redistribution,S1,S3,S3,50,835,2
2024-05-11 22:11:53,2,1.13,71.55,25.0,1018.6,0.89,"up xrv1,2,3",Redistribution,S1,S3,S3,50,835,2
2024-05-11 22:12:25,2,1.29,58.6,27.500000000000004,13.18,1.12,"up xrv1,2,3",Redistribution,S1,S3,S3,50,835,2
2024-05-11 22:13:27,2,0.21,58.29,0.0,10.29,0.95,"up xrv1,2,3",Redistribution,S1,S3,S3,50,835,2
2024-05-11 22:14:05,2,0.47,56.18,12.5,8.93,0.97,"up xrv1,2,3",Redistribution,S1,S3,S3,50,835,2
2024-05-11 22:14:33,2,2.51,1.19,0.0,10.41,0.81,"up xrv1,2,3",Redistribution,S1,S3,S3,50,835,2
2024-05-11 22:15:02,2,1.98,72.08,0.0,10.42,3.66,"up xrv1,2,3",Redistribution,S1,S3,S3,80,1336,2
2024-05-11 22:15:30,2,1.59,0.09,25.0,10.5,0.0,"up xrv1,2,3",Redistribution,S1,S3,S3,80,1336,2
2024-05-11 22:17:53,2,0.11,110.19,52.5,10.25,0.37,"up xrv1,2,3",Redistribution,S1,S3,S3,80,1336,2
2024-05-11 22:18:32,2,0.52,113.58,47.5,10.79,0.92,"up xrv1,2,3",Redistribution,S1,S3,S3,80,1336,2
2024-05-11 22:18:58,2,1.66,86.53,15.0,10.52,0.38,"up xrv1,2,3",Redistribution,S1,S3,S3,80,1336,2
2024-05-11 22:19:24,2,1.65,107.71,7.5,10.71,2.78,"up xrv1,2,3",Redistribution,S1,S3,S3,80,1336,2
2024-05-11 22:19:59,2,1.47,71.65,0.0,9.59,1.2,"up xrv1,2,3",Redistribution,S1,S3,S3,80,1336,2
2024-05-11 22:20:55,2,3.48,0.15,25.0,10.46,0.63,"up xrv1,2,3",Redistribution,S1,S3,S3,80,1336,2
2024-05-11 22:21:24,2,2.55,0.11,12.5,10.11,0.72,"up xrv1,2,3",Redistribution,S1,S3,S3,80,1336,2
2024-05-11 22:21:54,2,1.87,0.08,15.0,10.5,0.48,"up xrv1,2,3",Redistribution,S1,S3,S3,80,1336,2
2024-05-11 22:22:24,2,1.31,0.68,5.0,10.83,1.14,"up xrv1,2,3",Redistribution,S1,S3,S3,80,1336,2
2024-05-11 22:23:07,2,0.4,74.44,0.0,10.3,0.76,"up xrv1,2,3",Redistribution,S1,S3,S3,80,1336,2
2024-05-11 22:23:36,2,2.27,0.08,17.5,10.15,0.88,"up xrv1,2,3",Redistribution,S1,S3,S3,80,1336,2
2024-05-11 22:24:05,2,1.13,57.03,0.0,10.57,0.42,"up xrv1,2,3",Redistribution,S1,S3,S3,80,1336,2
2024-05-11 22:24:31,2,3.55,34.88,40.0,1016.31,0.57,"up xrv1,2,3",Redistribution,S1,S3,S3,80,1336,2
2024-05-11 22:25:52,2,2.16,0.05,0.0,10.13,0.79,"up xrv1,2,3",Redistribution,S1,S3,S3,80,1336,2
2024-05-11 22:26:20,2,2.6,0.03,5.0,10.92,3.6,"up xrv1,2,3",Redistribution,S1,S3,S3,80,1336,2
2024-05-11 22:26:56,2,1.14,0.06,17.5,10.57,0.8,"up xrv1,2,3",Redistribution,S1,S3,S3,80,1336,2
2024-05-11 22:27:23,2,1.29,0.06,10.0,10.8,0.53,"up xrv1,2,3",Redistribution,S1,S3,S3,80,1336,2
2024-05-11 22:27:49,2,1.98,68.16,27.500000000000004,10.15,0.67,"up xrv1,2,3",Redistribution,S1,S3,S3,80,1336,2
2024-05-11 22:29:22,2,1.13,8.02,0.0,10.29,0.9,"up xrv1,2,3",Redistribution,S1,S3,S3,80,1336,2
2024-05-11 22:29:49,2,2.59,0.18,0.0,15.68,0.61,"up xrv1,2,3",Redistribution,S1,S3,S3,80,1336,2
2024-05-11 22:30:16,2,3.33,59.03,22.5,10.7,0.38,"up xrv1,2,3",Redistribution,S1,S3,S3,80,1336,2
2024-05-11 22:33:50,2,2.25,13.75,10.0,8.67,0.79,"up xrv1,2,3",Redistribution,S1,S3,S3,10,167,1
2024-05-11 22:34:14,2,2.56,12.1,2.5,10.56,0.48,"up xrv1,2,3",Redistribution,S1,S3,S3,10,167,1
2024-05-11 22:34:37,2,2.66,30.07,0.0,9.92,0.53,"up xrv1,2,3",Redistribution,S1,S3,S3,10,167,3
2024-05-11 22:35:09,2,1.5,17.62,0.0,9.72,1.92,"up xrv1,2,3",Redistribution,S1,S3,S3,10,167,1
2024-05-11 22:35:37,2,2.26,12.78,0.0,9.71,0.35,"up xrv1,2,3",Redistribution,S1,S3,S3,10,167,1
2024-05-11 22:36:08,2,1.64,4.06,0.0,9.98,1.34,"up xrv1,2,3",Redistribution,S1,S3,S3,10,167,1
2024-05-11 22:36:40,2,1.5,12.36,0.0,12.53,0.84,"up xrv1,2,3",Redistribution,S1,S3,S3,10,167,1
2024-05-11 22:37:11,2,1.6,16.06,5.0,11.17,1.28,"up xrv1,2,3",Redistribution,S1,S3,S3,10,167,1
2024-05-11 22:37:35,2,2.91,7.49,0.0,10.03,1.47,"up xrv1,2,3",Redistribution,S1,S3,S3,10,167,1
2024-05-11 22:38:05,2,1.79,4.19,0.0,9.05,0.44,"up xrv1,2,3",Redistribution,S1,S3,S3,10,167,1
2024-05-11 22:38:28,2,2.72,11.42,0.0,10.61,0.95,"up xrv1,2,3",Redistribution,S1,S3,S3,10,167,1
2024-05-11 22:38:54,2,1.58,9.92,0.0,9.76,1.12,"up xrv1,2,3",Redistribution,S1,S3,S3,10,167,1
2024-05-11 22:39:19,2,2.34,13.02,0.0,10.31,0.62,"up xrv1,2,3",Redistribution,S1,S3,S3,10,167,1
2024-05-11 22:39:47,2,2.14,14.36,0.0,10.25,0.79,"up xrv1,2,3",Redistribution,S1,S3,S3,10,167,1
2024-05-11 22:40:17,2,1.88,12.68,12.5,9.8,0.68,"up xrv1,2,3",Redistribution,S1,S3,S3,10,167,1
2024-05-11 22:40:49,2,1.43,9.63,0.0,9.84,1.21,"up xrv1,2,3",Redistribution,S1,S3,S3,10,167,1
2024-05-11 22:41:24,2,1.23,11.98,0.0,10.31,0.93,"up xrv1,2,3",Redistribution,S1,S3,S3,10,167,1
2024-05-11 22:41:48,2,2.55,10.04,7.5,9.2,0.92,"up xrv1,2,3",Redistribution,S1,S3,S3,10,167,1
2024-05-11 22:42:16,2,2.26,21.59,0.0,10.34,0.94,"up xrv1,2,3",Redistribution,S1,S3,S3,10,167,2
2024-05-11 22:42:40,2,2.48,29.51,12.5,10.28,0.54,"up xrv1,2,3",Redistribution,S1,S3,S3,10,167,2
2024-05-11 22:43:07,2,3.07,38.39,20.0,10.0,0.87,"up xrv1,2,3",Redistribution,S1,S3,S3,10,167,2
2024-05-11 22:43:35,2,2.34,32.57,0.0,10.0,0.49,"up xrv1,2,3",Redistribution,S1,S3,S3,10,167,2
2024-05-11 22:44:03,2,1.14,35.75,0.0,10.09,1.1,"up xrv1,2,3",Redistribution,S1,S3,S3,10,167,2
2024-05-11 22:44:29,2,1.44,37.95,7.5,9.39,0.61,"up xrv1,2,3",Redistribution,S1,S3,S3,10,167,2
2024-05-11 22:44:53,2,2.44,24.11,0.0,10.23,0.78,"up xrv1,2,3",Redistribution,S1,S3,S3,10,167,2
2024-05-11 22:45:19,2,1.86,10.34,0.0,10.3,0.58,"up xrv1,2,3",Redistribution,S1,S3,S3,10,167,1
2024-05-11 22:45:42,2,2.57,9.97,0.0,17.54,0.48,"up xrv1,2,3",Redistribution,S1,S3,S3,10,167,1
2024-05-11 22:46:07,2,2.35,14.21,7.5,9.83,0.29,"up xrv1,2,3",Redistribution,S1,S3,S3,10,167,1
2024-05-11 22:46:41,2,1.24,9.42,0.0,10.63,1.42,"up xrv1,2,3",Redistribution,S1,S3,S3,10,167,1
2024-05-11 22:47:04,2,3.17,40.0,0.0,9.68,1.03,"up xrv1,2,3",Redistribution,S1,S3,S3,10,167,5
2024-05-11 22:47:31,2,1.63,52.4,7.5,1037.36,1.21,"up xrv1,2,3",Redistribution,S1,S3,S3,10,167,5
2024-05-11 22:47:58,2,3.38,52.5,10.0,1025.52,2.14,"up xrv1,2,3",Redistribution,S1,S3,S3,10,167,5
2024-05-11 22:48:27,2,2.27,53.9,15.0,9.4,0.7,"up xrv1,2,3",Redistribution,S1,S3,S3,10,167,5
2024-05-11 22:48:56,2,1.98,37.69,15.0,9.08,1.54,"up xrv1,2,3",Redistribution,S1,S3,S3,10,167,5
2024-05-11 22:49:29,2,1.5,55.59,2.5,10.5,0.7,"up xrv1,2,3",Redistribution,S1,S3,S3,10,167,5
2024-05-11 22:50:05,2,1.09,83.62,7.5,11.27,1.33,"up xrv1,2,3",Redistribution,S1,S3,S3,10,167,4
2024-05-11 22:50:45,2,0.88,47.23,0.0,8.97,0.96,"up xrv1,2,3",Redistribution,S1,S3,S3,10,167,4
2024-05-11 22:51:22,2,1.02,64.34,0.0,9.88,1.24,"up xrv1,2,3",Redistribution,S1,S3,S3,10,167,4
2024-05-11 22:51:57,2,0.57,58.79,0.0,11.26,1.5,"up xrv1,2,3",Redistribution,S1,S3,S3,10,167,4
2024-05-11 22:52:30,2,0.7,38.97,10.0,9.27,1.09,"up xrv1,2,3",Redistribution,S1,S3,S3,10,167,4
2024-05-11 22:53:04,2,0.65,57.27,7.5,10.86,0.84,"up xrv1,2,3",Redistribution,S1,S3,S3,10,167,4
2024-05-11 22:53:39,2,1.16,47.62,10.0,9.95,0.96,"up xrv1,2,3",Redistribution,S1,S3,S3,10,167,4
2024-05-11 22:54:03,2,2.49,100.18,5.0,8.54,0.67,"up xrv1,2,3",Redistribution,S1,S3,S3,10,167,4
2024-05-11 22:54:35,2,1.48,41.49,0.0,8.21,0.56,"up xrv1,2,3",Redistribution,S1,S3,S3,10,167,4
2024-05-11 22:55:12,2,1.08,54.43,5.0,9.37,1.09,"up xrv1,2,3",Redistribution,S1,S3,S3,10,167,4
2024-05-11 22:55:48,2,1.09,37.82,0.0,9.64,0.91,"up xrv1,2,3",Redistribution,S1,S3,S3,10,167,4
2024-05-11 22:56:19,2,1.66,47.69,10.0,9.98,0.75,"up xrv1,2,3",Redistribution,S1,S3,S3,10,167,4
2024-05-11 22:57:16,2,0.45,47.75,0.0,10.58,0.84,"up xrv1,2,3",Redistribution,S1,S3,S3,10,167,4
2024-05-11 22:57:55,2,0.9,39.13,0.0,10.19,0.98,"up xrv1,2,3",Redistribution,S1,S3,S3,10,167,4
2024-05-11 22:58:43,2,0.64,38.56,7.5,8.7,1.32,"up xrv1,2,3",Redistribution,S1,S3,S3,10,167,4
2024-05-11 22:59:13,2,0.83,48.08,2.5,9.5,1.02,"up xrv1,2,3",Redistribution,S1,S3,S3,10,167,4
2024-05-11 22:59:46,2,1.5,51.4,10.0,9.57,1.08,"up xrv1,2,3",Redistribution,S1,S3,S3,10,167,4
2024-05-11 23:00:11,2,4.63,38.93,20.0,10.25,0.92,"up xrv1,2,3",Redistribution,S1,S3,S3,10,167,4
2024-05-11 23:00:46,2,1.13,57.0,0.0,9.89,0.81,"up xrv1,2,3",Redistribution,S1,S3,S3,10,167,4
2024-05-11 23:01:29,2,0.75,47.63,10.0,10.13,0.8,"up xrv1,2,3",Redistribution,S1,S3,S3,10,167,4
2024-05-11 23:01:59,2,1.83,21.23,0.0,9.28,1.26,"up xrv1,2,3",Redistribution,S1,S3,S3,10,167,4
2024-05-11 23:02:31,2,1.56,25.42,15.0,9.6,0.55,"up xrv1,2,3",Redistribution,S1,S3,S3,10,167,4
2024-05-11 23:02:57,2,3.43,65.4,10.0,9.93,1.19,"up xrv1,2,3",Redistribution,S1,S3,S3,10,167,4
2024-05-11 23:03:31,2,1.26,23.61,0.0,10.88,1.97,"up xrv1,2,3",Redistribution,S1,S3,S3,10,167,4
2024-05-11 23:03:55,2,2.38,60.52,15.0,10.34,4.16,"up xrv1,2,3",Redistribution,S1,S3,S3,10,167,6
2024-05-11 23:04:27,2,0.76,66.77,0.0,10.33,0.53,"up xrv1,2,3",Redistribution,S1,S3,S3,10,167,6
2024-05-11 23:05:28,2,0.37,64.2,0.0,10.88,0.92,"up xrv1,2,3",Redistribution,S1,S3,S3,10,167,6
2024-05-11 23:06:19,2,0.54,65.32,2.5,8.91,0.73,"up xrv1,2,3",Redistribution,S1,S3,S3,10,167,6
2024-05-11 23:07:10,2,0.47,63.06,2.5,9.88,1.13,"up xrv1,2,3",Redistribution,S1,S3,S3,10,167,6
2024-05-11 23:07:37,2,1.3,68.63,0.0,8.94,1.21,"up xrv1,2,3",Redistribution,S1,S3,S3,10,167,6
2024-05-11 23:08:05,2,1.15,66.46,0.0,9.62,1.03,"up xrv1,2,3",Redistribution,S1,S3,S3,10,167,6
2024-05-11 23:08:30,2,2.56,61.23,20.0,9.86,0.97,"up xrv1,2,3",Redistribution,S1,S3,S3,10,167,6
2024-05-11 23:08:55,2,2.38,85.48,22.5,11.95,0.59,"up xrv1,2,3",Redistribution,S1,S3,S3,10,167,6
2024-05-11 23:09:30,2,0.58,59.22,12.5,8.94,1.28,"up xrv1,2,3",Redistribution,S1,S3,S3,10,167,6
2024-05-11 23:09:54,2,3.56,66.26,25.0,9.49,0.84,"up xrv1,2,3",Redistribution,S1,S3,S3,10,167,6
2024-05-11 23:10:22,2,2.7,26.57,17.5,10.88,2.67,"up xrv1,2,3",Redistribution,S1,S3,S3,10,167,6
2024-05-11 23:10:47,2,2.08,69.8,15.0,9.51,1.44,"up xrv1,2,3",Redistribution,S1,S3,S3,10,167,6
2024-05-11 23:11:23,2,1.14,29.42,7.5,11.79,1.07,"up xrv1,2,3",Redistribution,S1,S3,S3,10,167,3
2024-05-11 23:11:47,2,5.15,39.85,17.5,9.73,0.83,"up xrv1,2,3",Redistribution,S1,S3,S3,10,167,3
2024-05-11 23:12:28,2,0.85,44.35,7.5,10.77,1.14,"up xrv1,2,3",Redistribution,S1,S3,S3,10,167,3
2024-05-11 23:12:53,2,2.38,27.07,15.0,10.61,0.71,"up xrv1,2,3",Redistribution,S1,S3,S3,10,167,3
2024-05-11 23:13:18,2,1.71,30.36,0.0,10.6,1.47,"up xrv1,2,3",Redistribution,S1,S3,S3,10,167,3
2024-05-11 23:13:49,2,1.83,28.89,12.5,11.67,1.16,"up xrv1,2,3",Redistribution,S1,S3,S3,10,167,3
2024-05-11 23:14:13,2,4.75,66.32,12.5,10.82,2.72,"up xrv1,2,3",Redistribution,S1,S3,S3,10,167,1
2024-05-11 23:15:05,2,0.48,35.91,0.0,9.67,0.79,"up xrv1,2,3",Redistribution,S1,S3,S3,10,167,1
2024-05-11 23:15:31,2,3.64,55.22,5.0,1039.46,0.87,"up xrv1,2,3",Redistribution,S1,S3,S3,10,167,1
2024-05-11 23:16:09,2,0.97,38.68,5.0,9.47,0.8,"up xrv1,2,3",Redistribution,S1,S3,S3,10,167,1
2024-05-11 23:19:07,2,2.3,13.37,0.0,9.76,0.51,"up xrv1,2,3",Redistribution,S1,S3,S3,10,167,1
2024-05-11 23:19:31,2,3.01,10.81,10.0,10.03,1.19,"up xrv1,2,3",Redistribution,S1,S3,S3,10,167,1
2024-05-11 23:19:56,2,3.39,10.24,0.0,9.99,1.89,"up xrv1,2,3",Redistribution,S1,S3,S3,10,167,1
2024-05-11 23:20:22,2,3.13,14.17,7.5,10.36,0.69,"up xrv1,2,3",Redistribution,S1,S3,S3,10,167,1
2024-05-11 23:20:49,2,1.48,9.67,0.0,11.17,0.95,"up xrv1,2,3",Redistribution,S1,S3,S3,10,167,1
2024-05-11 23:21:13,2,2.34,9.46,15.0,9.92,1.05,"up xrv1,2,3",Redistribution,S1,S3,S3,10,167,1
2024-05-11 23:21:42,2,2.0,0.05,0.0,10.07,1.32,"up xrv1,2,3",Redistribution,S1,S3,S3,10,167,1
2024-05-11 23:22:09,2,2.94,13.77,0.0,10.15,1.29,"up xrv1,2,3",Redistribution,S1,S3,S3,10,167,1
2024-05-11 23:22:38,2,2.03,0.08,0.0,11.61,0.46,"up xrv1,2,3",Redistribution,S1,S3,S3,10,167,1
2024-05-11 23:23:05,2,2.77,14.58,7.5,9.62,0.61,"up xrv1,2,3",Redistribution,S1,S3,S3,10,167,1
2024-05-11 23:23:35,2,1.71,13.82,0.0,9.82,0.49,"up xrv1,2,3",Redistribution,S1,S3,S3,10,167,1
2024-05-11 23:24:04,2,2.11,14.8,0.0,10.19,0.74,"up xrv1,2,3",Redistribution,S1,S3,S3,10,167,1
2024-05-11 23:24:28,2,2.61,14.39,0.0,9.71,0.66,"up xrv1,2,3",Redistribution,S1,S3,S3,10,167,1
2024-05-11 23:24:51,2,2.91,5.55,10.0,10.59,0.83,"up xrv1,2,3",Redistribution,S1,S3,S3,10,167,1
2024-05-11 23:25:21,2,1.91,9.36,7.5,10.46,0.79,"up xrv1,2,3",Redistribution,S1,S3,S3,10,167,1
2024-05-11 23:25:53,2,1.45,15.86,0.0,10.49,1.35,"up xrv1,2,3",Redistribution,S1,S3,S3,10,167,1
2024-05-11 23:26:20,2,3.1,9.96,10.0,10.36,1.31,"up xrv1,2,3",Redistribution,S1,S3,S3,10,167,1
2024-05-11 23:26:43,2,3.12,0.07,5.0,10.59,0.75,"up xrv1,2,3",Redistribution,S1,S3,S3,10,167,1
